date,team,opponent,home_score,away_score,result,Relevant,neutral,average,RM,CAM,LM,CDM,CM,GK,CB,LB,RB,ST,Best,Age,Potential,Overall,Value,Wage,rank
5/24/15,Thailand,Vietnam,1,0,2,1,0,0.444444444,0,65,0,-61,0,0,0,0,0,0,4,-0.5,70,57,0.46,2,-23
6/11/15,Afghanistan,Syria,0,6,0,1,1,2.111111111,0,0,60,50,-13,0,0,0,0,-78,-18,-4.3,-254,-266,-33.24,-154,-7
6/11/15,Dominican Republic,Belize,1,2,0,1,0,15.11111111,0,0,0,0,0,0,0,60,0,76,12,-0.7,158,145,14.09,69,-38
6/11/15,Guam,Turkmenistan,1,0,2,1,0,7.666666667,-63,0,0,0,0,0,69,0,0,0,6,-1,6,6,0.45,1,93
6/11/15,India,Oman,1,2,0,1,0,39.33333333,61,0,60,61,55,-9,61,59,0,67,-6,-9.2,1777,1664,-0.95,-17,18
6/11/15,Lebanon,Kuwait,0,1,0,1,0,5.888888889,0,0,69,0,-71,61,-61,0,0,55,-2,-4.7,202,181,0.95,-17,12
6/11/15,Saudi Arabia,Palestine,3,2,2,1,0,65.22222222,9,76,72,74,72,73,75,69,74,2,5,0.3,21207,19845,182.25,2288,-101
6/16/15,Grenada,Puerto Rico,2,0,2,1,0,-7.555555556,0,0,0,0,0,-66,64,0,-66,0,-2,-10.5,-59,-68,0.25,-1,-22
6/16/15,Guam,India,2,1,2,1,0,-39.77777778,-61,0,-60,-61,-55,-64,8,-59,0,-67,2,3.2,-1781,-1668,0.8,5,82
6/16/15,Korea DPR,Uzbekistan,4,2,2,1,0,-8.777777778,-67,0,0,0,0,0,-71,-80,0,72,-8,-2.1,66,33,-9.25,-55,22
6/16/15,Turkmenistan,Iran,1,1,1,1,0,-45.33333333,-7,-62,0,0,-66,-71,-63,0,-69,-77,-14,5.1,-1183,-1100,-47.63,-151,55
9/3/15,China,Hong Kong,0,0,1,1,0,68.77777778,15,72,74,60,72,74,76,63,60,68,22,10.3,2015,1974,2.04,34,38
9/3/15,Iran,Guam,6,0,2,1,0,37.66666667,70,62,0,0,66,71,-6,0,69,77,8,-4.1,1177,1094,47.18,150,-47
9/3/15,Oman,Turkmenistan,3,1,2,1,0,8.111111111,-63,0,0,0,0,73,0,0,0,0,10,5,10,10,0.6,13,-84
9/4/15,Grenada,Haiti,1,3,0,1,0,-35.22222222,-70,-52,-62,0,-69,-66,64,0,-72,-60,-8,-0.6,-889,-822,-11.57,-67,23
9/8/15,Afghanistan,Japan,0,6,0,1,1,-55.44444444,-78,-78,-15,-24,-13,-72,-75,-68,-77,-77,-23,-4.6,-30736,-29037,-374.01,-1888,-45
9/8/15,Guam,Oman,0,0,1,1,0,-0.444444444,0,0,0,0,0,-73,69,0,0,0,-4,-6,-4,-4,-0.15,-12,48
9/8/15,Hong Kong,Qatar,2,3,0,1,0,-21,-14,0,0,-61,-63,0,-65,0,0,0,-14,-4.7,-352,-332,-4.07,-23,45
9/8/15,India,Iran,0,3,0,1,0,2.111111111,-9,-62,60,61,-11,-7,-2,59,-69,-10,-10,0.9,604,574,-47.98,-155,18
9/8/15,Lebanon,Korea Republic,0,3,0,1,0,-53,-76,-71,-5,-73,-74,-13,-73,-74,-67,-27,-13,-3,-22198,-20968,-310.41,-1197,-36
9/8/15,Philippines,Uzbekistan,1,5,0,1,0,3.777777778,-67,0,54,0,0,68,-71,-17,0,0,-12,-1.9,-156,-157,-12.74,-69,-7
9/8/15,Thailand,Iraq,2,2,1,1,0,-30.55555556,0,65,-73,-69,0,0,-68,0,-62,-68,-9,-4.5,-497,-492,-14.52,-69,-33
10/7/15,Mauritius,Kenya,2,5,0,1,0,-30.22222222,0,0,0,-67,-15,-67,-54,0,0,-69,-15,1.4,-436,-403,-27.35,-121,150
10/8/15,Argentina,Ecuador,0,2,0,1,0,8.777777778,8,13,11,4,11,10,11,10,-4,13,10,-1.2,67210,62785,2702.5,11640,-54
10/8/15,Bolivia,Uruguay,0,0,1,1,0,-18.88888889,-7,-7,-8,-12,-5,-14,-19,-11,-77,-17,-17,1.2,-9146,-8666,-633.07,-2646,50
10/8/15,Chile,Brazil,2,0,2,1,0,-5.111111111,7,-6,-9,-5,7,-1,-6,-11,-9,-6,-3,1.5,-32456,-30981,-2205.44,-12193,-7
10/8/15,Colombia,Peru,2,0,2,1,0,14.44444444,10,7,-2,4,23,5,5,5,77,6,8,-0.6,39700,36819,946.3,3274,-92
10/8/15,Korea DPR,Philippines,0,0,1,1,0,-12.55555556,0,0,-54,0,0,-68,0,-63,0,72,4,-0.2,222,190,3.49,14,-51
10/8/15,Kuwait,Korea Republic,0,1,0,1,0,-58.88888889,-76,-71,-74,-73,-3,-74,-12,-74,-67,-82,-11,1.7,-22400,-21149,-311.36,-1180,75
10/8/15,Oman,Iran,1,1,1,1,0,-37.22222222,-70,-62,0,0,-66,2,-63,0,-69,-77,-4,10.1,-1173,-1090,-47.03,-138,-14
10/8/15,Qatar,China,1,0,2,1,0,-47.77777778,-1,-72,-74,1,-9,-74,-11,-63,-60,-68,-8,-5.6,-1663,-1642,2.03,-11,25
10/8/15,Syria,Japan,0,3,0,1,1,-57.55555556,-78,-78,-75,-74,0,-72,-75,-68,-77,1,-5,-0.3,-30482,-28771,-340.77,-1734,-57
10/8/15,Turkmenistan,India,2,1,2,1,0,-47.44444444,2,0,-60,-61,-55,-64,-61,-59,0,-67,-4,4.2,-1787,-1674,0.35,4,97
10/8/15,Venezuela,Paraguay,0,1,0,1,0,-0.111111111,-1,3,-4,1,-8,2,-2,2,3,2,1,-1.3,-1269,-1286,-52.86,-501,-69
10/8/15,Vietnam,Iraq,1,1,1,1,0,-31,0,0,-73,-8,0,0,-68,0,-62,-68,-13,-4,-567,-549,-14.98,-71,-70
10/9/15,Gambia,Namibia,1,1,1,1,0,9.222222222,67,0,66,0,0,0,11,0,0,6,8,1.2,927,856,17.98,92,-34
10/9/15,Somalia,Niger,0,2,0,1,1,-7.222222222,0,0,0,-64,0,0,0,0,0,-1,-5,2,-144,-138,-5.18,-22,31
10/10/15,Chad,Sierra Leone,1,0,2,1,0,-14.11111111,0,0,16,62,0,0,-66,0,-65,-74,0,0.6,-498,-454,-2.4,-12,63
10/11/15,Kenya,Mauritius,0,0,1,1,0,30.22222222,0,0,0,67,15,67,54,0,0,69,15,-1.4,436,403,27.35,121,110
10/13/15,Brazil,Venezuela,3,1,2,1,0,9.444444444,5,10,11,8,12,8,14,12,8,2,12,2.4,55388,54046,3106.68,14658,-58
10/13/15,Ecuador,Bolivia,2,0,2,1,0,13.33333333,2,2,2,13,1,5,3,9,83,2,8,-0.2,661,645,103.12,660,-99
10/13/15,Kuwait,Lebanon,0,0,1,1,0,-5.888888889,0,0,-69,0,71,-61,61,0,0,-55,2,4.7,-202,-181,-0.95,17,43
10/13/15,Namibia,Gambia,2,1,2,1,0,-9.222222222,-67,0,-66,0,0,0,-11,0,0,-6,-8,-1.2,-927,-856,-17.98,-92,13
10/13/15,Niger,Somalia,4,0,2,1,0,7.222222222,0,0,0,64,0,0,0,0,0,1,5,-2,144,138,5.18,22,19
10/13/15,Oman,India,3,0,2,1,0,-39.33333333,-61,0,-60,-61,-55,9,-61,-59,0,-67,6,9.2,-1777,-1664,0.95,17,52
10/13/15,Paraguay,Argentina,0,0,1,1,0,-7.666666667,-2,-7,-4,-7,-7,-10,-7,-9,-6,-12,-14,0.2,-64874,-60587,-2605.49,-11249,21
10/13/15,Peru,Chile,3,4,0,1,0,-15.88888889,-13,-10,0,-8,-33,-8,-6,-5,-75,2,-11,-2.7,-24550,-24524,-984.44,-2826,-100
10/13/15,Sierra Leone,Chad,2,1,2,1,1,14.11111111,0,0,-16,-62,0,0,66,0,65,74,0,-0.6,498,454,2.4,12,38
10/13/15,Syria,Afghanistan,5,2,2,1,1,-2.111111111,0,0,-60,-50,13,0,0,0,0,78,18,4.3,254,266,33.24,154,-57
10/13/15,Turkmenistan,Guam,1,0,2,1,0,-7.666666667,63,0,0,0,0,0,-69,0,0,0,-6,1,-6,-6,-0.45,-1,116
10/13/15,Uruguay,Colombia,3,0,2,1,0,1.666666667,-9,-5,3,2,-1,3,7,-2,0,8,6,0.7,-30664,-28251,-377.3,-817,-88
10/13/15,Vietnam,Thailand,0,3,0,1,0,-0.444444444,0,-65,0,61,0,0,0,0,0,0,-4,0.5,-70,-57,-0.46,-2,3
11/9/15,Palestine,Saudi Arabia,0,0,1,1,1,-65.22222222,-9,-76,-72,-74,-72,-73,-75,-69,-74,-2,-5,-0.3,-21207,-19845,-182.25,-2288,-15
11/11/15,Mozambique,Gabon,1,0,2,1,0,-48.44444444,-72,0,-70,-77,-74,-66,5,-66,0,-88,-11,0.8,-662,-629,-81.44,-272,-14
11/11/15,Sudan,Zambia,0,1,0,1,0,-29.66666667,0,1,-69,-73,-50,0,-71,0,0,-5,-11,0.5,-375,-327,-9.17,-61,92
11/12/15,Australia,Kyrgyzstan,3,0,2,1,0,72.88888889,14,77,68,71,74,77,74,69,73,73,19,-3.7,15492,14188,166.49,933,-52
11/12/15,Benin,Burkina Faso,2,1,2,1,0,-1.222222222,-75,75,-74,3,-13,2,-5,4,0,-3,-3,0.7,-12,-7,-17.14,-53,29
11/12/15,Bolivia,Venezuela,4,2,2,1,0,-14.33333333,-7,-11,-5,-11,3,-7,-5,-12,-76,-5,-5,2.5,-1728,-1557,-147.27,-550,50
11/12/15,Chile,Colombia,1,1,1,1,0,1.444444444,3,3,2,4,10,3,1,0,-2,-8,3,3.3,-15150,-12295,38.14,-448,-51
11/12/15,Ecuador,Uruguay,2,1,2,1,0,-5.555555556,-5,-5,-6,1,-4,-9,-16,-2,6,-15,-9,1,-8485,-8021,-529.95,-1986,-37
11/12/15,India,Guam,1,0,2,1,0,39.77777778,61,0,60,61,55,64,-8,59,0,67,-2,-3.2,1781,1668,-0.8,-5,60
11/12/15,Iran,Turkmenistan,3,1,2,1,0,45.33333333,7,62,0,0,66,71,63,0,69,77,14,-5.1,1183,1100,47.63,151,-4
11/12/15,Morocco,Equatorial Guinea,2,0,2,1,0,47.88888889,76,81,7,17,80,4,84,9,76,73,13,-0.7,5351,5029,293.98,1227,-75
11/12/15,Namibia,Guinea,0,1,0,1,0,-42.55555556,-80,-83,-70,0,-77,0,-2,-77,-65,-9,-17,-2.1,-1674,-1590,-106.58,-384,-9
11/12/15,Togo,Uganda,0,1,0,1,0,16.66666667,74,0,0,66,-70,0,74,-64,70,74,4,3.2,309,317,22.58,111,30
11/12/15,Uzbekistan,Korea DPR,3,1,2,1,0,8.777777778,67,0,0,0,0,0,71,80,0,-72,8,2.1,-66,-33,9.25,55,-42
11/13/15,Angola,South Africa,1,3,0,1,0,-21,3,-76,2,-12,-74,-24,5,-3,-8,1,0,-0.5,-4327,-4161,-63.93,-105,132
11/13/15,Argentina,Brazil,1,1,1,1,0,-1.666666667,-2,-6,-3,-2,3,0,-5,-5,-5,8,1,-1.3,10755,7827,-448.33,-2908,-144
11/13/15,Comoros,Ghana,0,0,1,1,0,-21.22222222,-77,-10,-6,-6,-14,1,-71,-75,-1,-9,-9,3.5,-7925,-7196,-261.47,-1284,126
11/13/15,Costa Rica,Haiti,1,0,2,1,0,24,1,25,9,77,-69,19,75,72,0,8,13,1.7,1121,1134,75.94,454,-89
11/13/15,Kenya,Cape Verde,1,0,2,1,0,-24.55555556,-75,-61,-71,-6,15,4,-21,0,-71,-10,3,1,-1099,-1054,-35.16,-174,-46
11/13/15,Liberia,Ivory Coast,0,1,0,1,0,-70,-68,-71,-81,-83,-73,-69,-84,-75,-81,-13,-17,-2.6,-7340,-6774,-361.55,-1569,52
11/13/15,Madagascar,Senegal,2,2,1,1,0,-62.77777778,-9,-12,-74,-79,-83,-73,-84,-73,-77,-10,-12,3.5,-9127,-8544,-435.49,-2167,-1
11/13/15,Mauritania,Tunisia,1,2,0,1,0,-56.66666667,-68,-68,-72,-74,0,-63,-9,-77,-75,-72,-7,-2.2,-2055,-1977,-51.14,-317,4
11/13/15,Niger,Cameroon,0,3,0,1,0,-61.77777778,-77,-70,-76,-9,-77,-80,-83,-72,-77,-12,-10,1.4,-6052,-5612,-213.26,-968,92
11/13/15,Peru,Paraguay,1,0,2,1,0,-11.66666667,-2,-3,-2,-4,-22,1,0,-2,-73,0,-1,-0.1,-2887,-2745,-136.06,-862,-123
11/13/15,Swaziland,Nigeria,0,0,1,1,0,-75.33333333,-75,-74,-79,-75,-77,-80,-72,-71,-75,-75,-17,-3.4,-9143,-8349,-291.33,-1566,-41
11/14/15,Chad,Egypt,1,0,2,1,0,-49.33333333,-74,-71,7,-11,-77,-73,-73,-71,0,-75,-9,-2.3,-2194,-2103,-86.84,-489,24
11/14/15,Ethiopia,Congo,3,4,0,1,0,-54.88888889,-69,-70,-68,-10,-62,-65,-74,-70,-1,-74,-7,1.8,-1401,-1301,-27.24,-201,66
11/14/15,Gabon,Mozambique,1,0,2,1,0,48.44444444,72,0,70,77,74,66,-5,66,0,88,11,-0.8,662,629,81.44,272,-55
11/14/15,Tanzania,Algeria,2,2,1,1,0,-61.22222222,-83,-81,-82,-80,-73,-69,-78,-79,0,-9,-10,-4,-4052,-3909,-272.38,-1007,-3
11/15/15,Equatorial Guinea,Morocco,1,0,2,1,0,-47.88888889,-76,-81,-7,-17,-80,-4,-84,-9,-76,-73,-13,0.7,-5351,-5029,-293.98,-1227,75
11/15/15,Guinea,Namibia,2,0,2,1,1,42.55555556,80,83,70,0,77,0,2,77,65,9,17,2.1,1674,1590,106.58,384,-14
11/15/15,Uganda,Togo,3,0,2,1,0,-16.66666667,-74,0,0,-66,70,0,-74,64,-70,-74,-4,-3.2,-309,-317,-22.58,-111,6
11/15/15,Zambia,Sudan,2,0,2,1,0,29.66666667,0,-1,69,73,50,0,71,0,0,5,11,-0.5,375,327,9.17,61,10
11/17/15,Algeria,Tanzania,7,0,2,1,0,61.22222222,83,81,82,80,73,69,78,79,0,9,10,4,4052,3909,272.38,1007,64
11/17/15,Brazil,Peru,3,0,2,1,0,21,6,16,9,13,26,9,12,16,84,4,14,1.2,57006,55505,3189.88,15019,-50
11/17/15,Burkina Faso,Benin,2,0,2,1,0,1.222222222,75,-75,74,-3,13,-2,5,-4,0,3,3,-0.7,12,7,17.14,53,3
11/17/15,Cameroon,Niger,0,0,1,1,0,61.77777778,77,70,76,9,77,80,83,72,77,12,10,-1.4,6052,5612,213.26,968,-16
11/17/15,Cape Verde,Kenya,2,0,2,1,0,24.55555556,75,61,71,6,-15,-4,21,0,71,10,-3,-1,1099,1054,35.16,174,49
11/17/15,Colombia,Argentina,0,1,0,1,0,-4.888888889,6,-3,-8,-7,-6,-4,-2,-6,-2,-6,-7,-0.5,-28061,-26513,-1795.25,-8837,-67
11/17/15,Congo,Ethiopia,2,1,2,1,0,54.88888889,69,70,68,10,62,65,74,70,1,74,7,-1.8,1401,1301,27.24,201,38
11/17/15,Egypt,Chad,4,0,2,1,0,49.33333333,74,71,-7,11,77,73,73,71,0,75,9,2.3,2194,2103,86.84,489,-2
11/17/15,Ghana,Comoros,2,0,2,1,0,21.22222222,77,10,6,6,14,-1,71,75,1,9,9,-3.5,7925,7196,261.47,1284,-143
11/17/15,Guam,Iran,0,6,0,1,0,-37.66666667,-70,-62,0,0,-66,-71,6,0,-69,-77,-8,4.1,-1177,-1094,-47.18,-150,128
11/17/15,Honduras,Mexico,0,2,0,1,0,-23.66666667,-7,-2,-79,-9,-7,-79,-5,-12,-9,-11,-8,2.5,-24498,-22725,-586,-4154,-80
11/17/15,Hong Kong,China,0,0,1,1,0,-68.77777778,-15,-72,-74,-60,-72,-74,-76,-63,-60,-68,-22,-10.3,-2015,-1974,-2.04,-34,74
11/17/15,Ivory Coast,Liberia,3,0,2,1,0,70,68,71,81,83,73,69,84,75,81,13,17,2.6,7340,6774,361.55,1569,20
11/17/15,Nigeria,Swaziland,2,0,2,1,0,75.33333333,75,74,79,75,77,80,72,71,75,75,17,3.4,9143,8349,291.33,1566,16
11/17/15,Paraguay,Bolivia,2,1,2,1,0,14.44444444,8,8,9,10,5,5,7,10,73,3,4,-1.2,2997,2843,200.13,1051,5
11/17/15,Senegal,Madagascar,3,0,2,1,0,62.77777778,9,12,74,79,83,73,84,73,77,10,12,-3.5,9127,8544,435.49,2167,-47
11/17/15,South Africa,Angola,1,0,2,1,0,21,-3,76,-2,12,74,24,-5,3,8,-1,0,0.5,4327,4161,63.93,105,53
11/17/15,Tunisia,Mauritania,2,1,2,1,0,56.66666667,68,68,72,74,0,63,9,77,75,72,7,2.2,2055,1977,51.14,317,-109
11/17/15,Turkmenistan,Oman,2,1,2,1,0,-8.111111111,63,0,0,0,0,-73,0,0,0,0,-10,-5,-10,-10,-0.6,-13,116
11/17/15,Uruguay,Chile,3,0,2,1,0,0.222222222,-12,-8,1,-2,-11,0,6,-2,2,16,3,-2.6,-15514,-15956,-415.44,-369,-19
11/17/15,Venezuela,Ecuador,1,3,0,1,0,1,5,9,3,-2,-4,2,2,3,-7,3,-3,-2.3,1067,912,44.15,-110,-26
3/24/16,Bolivia,Colombia,2,3,0,2,0,-17.22222222,-16,-12,-5,-10,-6,-11,-12,-13,-77,-9,-11,1.9,-39810,-36917,-1010.37,-3463,50
3/24/16,Chile,Argentina,1,2,0,2,0,-3.444444444,9,0,-6,-3,4,-1,-1,-6,-4,-14,-4,2.8,-43211,-38808,-1757.11,-9285,-51
3/24/16,Ecuador,Paraguay,2,2,1,2,0,-1.111111111,-6,-6,-7,3,-4,0,-4,-1,10,-1,4,1,-2336,-2198,-97.01,-391,23
3/24/16,Iran,India,4,0,2,2,0,-2.111111111,9,62,-60,-61,11,7,2,-59,69,10,10,-0.9,-604,-574,47.98,155,-52
3/24/16,Iraq,Thailand,2,2,1,2,1,30.55555556,0,-65,73,69,0,0,68,0,62,68,9,4.5,497,492,14.52,69,28
3/24/16,Japan,Afghanistan,5,0,2,2,0,55.44444444,78,78,15,24,13,72,75,68,77,77,23,4.6,30736,29037,374.01,1888,4
3/24/16,Korea Republic,Lebanon,1,0,2,2,0,53,76,71,5,73,74,13,73,74,67,27,13,3,22198,20968,310.41,1197,-27
3/24/16,Oman,Guam,1,0,2,2,0,0.444444444,0,0,0,0,0,73,-69,0,0,0,4,6,4,4,0.15,12,73
3/24/16,Peru,Venezuela,2,2,1,2,0,-11.55555556,-1,-6,2,-5,-14,-1,2,-4,-76,-2,-2,1.2,-1618,-1459,-83.2,-361,-87
3/24/16,Qatar,Hong Kong,2,0,2,2,0,21,14,0,0,61,63,0,65,0,0,0,14,4.7,352,332,4.07,23,3
3/24/16,Uzbekistan,Philippines,1,0,2,2,0,-3.777777778,67,0,-54,0,0,-68,71,17,0,0,12,1.9,156,157,12.74,69,93
3/25/16,Brazil,Uruguay,2,2,1,2,0,4.888888889,5,14,8,7,4,1,0,13,7,-10,0,1.1,47970,46937,2620.88,12562,-77
3/25/16,Canada,Mexico,0,3,0,2,0,-9.222222222,-9,-11,-11,-10,4,-11,-9,-14,-12,-9,-2,0.4,-21665,-20110,-571.96,-4012,7
3/25/16,El Salvador,Honduras,2,2,1,2,0,-47,-74,-73,0,-71,1,0,-72,-68,-69,-71,-4,2.1,-807,-770,-25.45,-115,-32
3/25/16,Haiti,Panama,0,0,1,2,0,-8.777777778,3,-12,-6,-64,-2,66,-71,-57,72,-5,1,-1.2,-147,-165,-0.69,16,50
3/25/16,Jamaica,Costa Rica,1,1,1,2,0,3.333333333,5,-8,-4,-6,58,-10,2,-5,-2,5,-8,1.3,447,416,-38.8,-213,49
3/29/16,Argentina,Bolivia,2,0,2,2,0,22.11111111,10,15,13,17,12,15,14,19,79,15,18,-1.4,67871,63430,2805.62,12300,-70
3/29/16,China,Qatar,2,0,2,2,0,47.77777778,1,72,74,-1,9,74,11,63,60,68,8,5.6,1663,1642,-2.03,11,59
3/29/16,Colombia,Ecuador,3,0,2,2,0,3.888888889,14,10,3,-3,5,6,9,4,-6,7,3,-1.7,39149,36272,907.25,2803,-7
3/29/16,Costa Rica,Jamaica,3,0,2,2,0,-3.333333333,-5,8,4,6,-58,10,-2,5,2,-5,8,-1.3,-447,-416,38.8,213,-39
3/29/16,Honduras,El Salvador,2,0,2,2,0,47,74,73,0,71,-1,0,72,68,69,71,4,-2.1,807,770,25.45,115,-35
3/29/16,India,Turkmenistan,1,2,0,2,0,47.44444444,-2,0,60,61,55,64,61,59,0,67,4,-4.2,1787,1674,-0.35,-4,60
3/29/16,Iran,Oman,2,0,2,2,0,37.22222222,70,62,0,0,66,-2,63,0,69,77,4,-10.1,1173,1090,47.03,138,-52
3/29/16,Iraq,Vietnam,1,0,2,2,1,31,0,0,73,8,0,0,68,0,62,68,13,4,567,549,14.98,71,28
3/29/16,Japan,Syria,5,0,2,2,0,57.55555556,78,78,75,74,0,72,75,68,77,-1,5,0.3,30482,28771,340.77,1734,46
3/29/16,Mexico,Canada,2,0,2,2,0,9.222222222,9,11,11,10,-4,11,9,14,12,9,2,-0.4,21665,20110,571.96,4012,-40
3/29/16,Panama,Haiti,1,0,2,2,0,8.777777778,-3,12,6,64,2,-66,71,57,-72,5,-1,1.2,147,165,0.69,-16,23
3/29/16,Paraguay,Brazil,2,2,1,2,0,-9.333333333,-4,-13,-7,-9,-4,-10,-12,-14,-11,-4,-13,-1.1,-54119,-52760,-3053.82,-14157,-83
3/29/16,Philippines,Korea DPR,3,2,2,2,0,12.55555556,0,0,54,0,0,68,0,63,0,-72,-4,0.2,-222,-190,-3.49,-14,101
3/29/16,Uruguay,Peru,1,0,2,2,0,16.11111111,1,2,1,6,22,8,12,3,77,14,14,0.1,9036,8568,569,2457,-19
3/29/16,Venezuela,Chile,1,4,0,2,0,-4.333333333,-12,-4,-2,-3,-19,-7,-8,-1,1,4,-9,-3.9,-22932,-23065,-901.24,-2465,28
9/1/16,Argentina,Uruguay,1,0,2,2,0,3.222222222,3,8,5,5,7,1,-5,8,2,-2,1,-0.2,58725,54764,2172.55,9654,-31
9/1/16,Australia,Iraq,2,0,2,2,0,35.11111111,72,77,-5,2,74,77,6,69,11,5,3,-1.7,14916,13636,151.29,862,-23
9/1/16,Bolivia,Peru,0,3,0,2,0,-2.777777778,-6,-5,-7,-6,17,-6,-7,-8,0,-3,-3,1.3,-110,-98,-64.07,-189,43
9/1/16,Colombia,Venezuela,2,0,2,2,0,2.888888889,9,1,0,-1,9,4,7,1,1,4,6,0.6,38082,35360,863.1,2913,-44
9/1/16,Ecuador,Brazil,0,3,0,2,0,-10.44444444,-10,-19,-14,-6,-8,-10,-16,-15,-1,-5,-9,-0.1,-56455,-54958,-3150.83,-14548,23
9/1/16,Iran,Qatar,2,0,2,2,0,24.33333333,2,62,0,-61,3,71,-2,0,69,77,9,3.2,817,777,43.78,131,-20
9/1/16,Korea Republic,China,3,2,2,2,0,4.777777778,7,-1,0,13,2,0,-3,11,7,14,6,-1.5,20444,19253,311.26,1172,25
9/1/16,Paraguay,Chile,2,1,2,2,0,-4.222222222,-11,-7,2,-4,-11,-9,-6,-3,-2,2,-10,-2.6,-21663,-21779,-848.38,-1964,-35
9/1/16,Saudi Arabia,Thailand,1,0,2,2,0,65.88888889,73,11,72,74,72,73,75,69,74,73,11,3.8,21341,19980,184.8,2297,-28
9/1/16,Uzbekistan,Syria,1,0,2,2,0,0.111111111,67,0,0,0,-72,0,71,80,0,-78,2,1.3,-101,-93,-20.08,-74,23
9/2/16,El Salvador,Mexico,1,3,0,2,0,-70.66666667,-81,-75,-79,-80,-6,-79,-77,-80,-78,-82,-12,4.6,-25305,-23495,-611.45,-4269,-32
9/2/16,Haiti,Costa Rica,0,1,0,2,0,-24,-1,-25,-9,-77,69,-19,-75,-72,0,-8,-13,-1.7,-1121,-1134,-75.94,-454,42
9/2/16,Honduras,Canada,2,1,2,2,0,-14.44444444,2,9,-68,1,-11,-68,4,2,3,-2,-6,2.1,-2833,-2615,-14.04,-142,7
9/2/16,Panama,Jamaica,2,0,2,2,0,-18.55555556,-9,-5,1,-7,13,-75,-6,-10,-70,-8,-6,-1.8,-1421,-1385,-36.45,-257,-36
9/2/16,Trinidad and Tobago,Guatemala,2,2,1,2,0,30.55555556,74,0,71,71,68,-72,0,0,68,69,2,-5.9,573,542,14.76,54,45
9/4/16,Czech Republic,Northern Ireland,0,0,1,2,0,4.111111111,7,7,5,2,5,16,-3,-6,5,6,7,0.9,-401,-250,116.44,211,34
9/4/16,Denmark,Armenia,1,0,2,2,0,34.22222222,76,9,2,81,17,83,21,9,77,9,2,-1.7,23122,20967,497.88,2164,-105
9/4/16,Kazakhstan,Poland,2,2,1,2,0,-63.88888889,-73,-4,-72,-81,-80,-82,-85,-70,-10,-91,-23,0.8,-22999,-21389,-500.64,-2380,-9
9/4/16,Lithuania,Slovenia,2,2,1,2,0,-30.88888889,-13,-81,-5,-74,-9,-12,-76,-9,-8,-4,-12,-1.9,-3808,-3668,-214.3,-816,-58
9/4/16,Malta,Scotland,1,5,0,2,0,-60.77777778,-14,-75,-77,-76,-15,-74,-12,-72,-71,-75,-14,0.2,-20605,-18674,-311.27,-2781,131
9/4/16,Norway,Germany,0,3,0,2,0,-9.444444444,-9,-5,-12,-16,-4,-10,-15,-7,-5,-11,-10,-0.2,-58560,-54135,-2667.67,-11678,23
9/4/16,Romania,Montenegro,1,1,1,2,0,9.333333333,3,-7,9,70,-4,13,-3,-2,4,4,-3,1.8,2407,2345,44.81,421,-173
9/4/16,San Marino,Azerbaijan,0,1,0,2,0,-22.66666667,-70,-68,0,0,-66,54,0,0,-65,-59,-16,-3,-421,-396,-4.89,-33,175
9/4/16,Slovakia,England,0,1,0,2,0,-7.333333333,-11,-4,-9,-2,4,-11,-3,-19,-6,-16,1,1.7,-109818,-98532,-2120.24,-18353,8
9/5/16,Croatia,Turkey,1,1,1,2,0,4.777777778,-7,5,7,9,8,6,-1,0,6,3,6,-0.1,-12928,-12030,-99.47,-1247,-43
9/5/16,Finland,Kosovo,1,1,1,2,0,10.66666667,9,6,5,7,-1,9,6,2,64,-2,6,0.9,2006,1864,19.09,45,-33
9/5/16,Georgia,Austria,1,2,0,2,0,-21.66666667,-1,-3,-4,-78,-26,-2,-3,-3,-72,-4,-10,-0.2,-16309,-15068,-338.66,-2299,3
9/5/16,Israel,Italy,1,3,0,2,0,-27.77777778,-15,-3,-12,-87,-7,-24,-19,-7,-80,-11,-13,1.2,-56503,-52652,-2132.93,-11260,59
9/5/16,Serbia,Ireland,2,2,1,2,0,1.222222222,5,5,1,1,3,-1,4,-2,1,-1,2,0.7,-17514,-15682,237.08,-109,24
9/5/16,Spain,Liechtenstein,8,0,2,2,0,65.22222222,84,86,87,15,20,90,90,85,84,30,17,1.5,75988,71073,4597.53,19007,-25
9/5/16,Ukraine,Iceland,1,1,1,2,0,3.555555556,8,2,-3,5,4,12,8,3,3,-2,-1,0.3,-125,-71,90.85,-18,17
9/5/16,Wales,Moldova,4,0,2,2,0,41.88888889,82,77,67,-5,10,74,8,0,70,76,14,-1.6,8177,7484,214.66,1830,-60
9/6/16,Belarus,France,0,0,1,2,0,-52.33333333,-15,-84,-83,-20,-11,-17,-11,-80,-79,-86,-12,5,-70780,-65169,-3246.66,-13828,76
9/6/16,Brazil,Colombia,2,1,2,2,0,6.555555556,-4,9,11,9,3,4,7,11,7,-2,6,1.8,17306,18686,2243.58,11745,-47
9/6/16,Bulgaria,Luxembourg,4,3,2,2,0,33.33333333,68,73,77,0,6,7,-2,69,0,70,6,4.4,1716,1687,25.1,213,-30
9/6/16,Canada,El Salvador,3,1,2,2,0,61.44444444,72,64,68,70,10,68,68,66,66,73,10,-4.2,3640,3385,39.49,257,70
9/6/16,Chile,Bolivia,3,0,2,2,0,18.66666667,19,15,7,14,16,14,13,13,75,1,14,1.4,24660,24622,1048.51,3015,-66
9/6/16,China,Iran,0,0,1,2,0,23.44444444,-1,10,74,60,6,3,13,63,-9,-9,-1,2.4,846,865,-45.81,-120,52
9/6/16,Costa Rica,Panama,3,1,2,2,0,15.22222222,4,13,3,13,-71,85,4,15,72,3,14,0.5,974,969,75.25,470,-64
9/6/16,Cyprus,Belgium,0,3,0,2,0,-30.66666667,-89,-86,-3,-16,-12,-89,-26,-20,-6,-18,-17,-1.9,-19375,-17835,-1200.41,-5155,-3
9/6/16,Faroe Islands,Hungary,0,0,1,2,0,-51.77777778,-6,-74,-11,-74,-4,-76,-10,-72,-69,-76,-10,-3.6,-2257,-2168,-51.02,-273,-105
9/6/16,Gibraltar,Greece,1,4,0,2,1,-70.11111111,-75,-68,-78,-75,-14,-82,-86,-75,-72,-81,-22,5.6,-7080,-6616,-325.55,-869,106
9/6/16,Iraq,Saudi Arabia,1,2,0,2,1,-35.33333333,-73,-76,1,-5,-72,-73,-7,-69,-12,-5,-2,0.7,-20844,-19488,-170.28,-2228,35
9/6/16,Jamaica,Haiti,0,2,0,2,0,27.33333333,6,17,5,71,-11,9,77,67,-2,13,5,3,1568,1550,37.14,241,39
9/6/16,Mexico,Honduras,0,0,1,2,0,23.66666667,7,2,79,9,7,79,5,12,9,11,8,-2.5,24498,22725,586,4154,4
9/6/16,Peru,Ecuador,2,1,2,2,0,-10.55555556,4,3,5,-7,-18,1,4,-1,-83,1,-5,-1.1,-551,-547,-39.05,-471,-87
9/6/16,Qatar,Uzbekistan,0,1,0,2,0,4.222222222,1,0,0,61,63,0,-6,-80,0,0,-12,-5.9,77,44,-9.65,-62,74
9/6/16,Sweden,Netherlands,1,1,1,2,0,-2.888888889,-2,-10,1,-5,-1,-6,-3,-2,-5,5,0,1.1,-5989,-5458,-789.7,-3277,18
9/6/16,Switzerland,Portugal,2,0,2,2,0,-6,-2,-5,-7,-1,-6,1,-5,-5,-7,-19,-10,-1.2,-10983,-11038,-1226.16,-3098,-67
9/6/16,Syria,Korea Republic,0,0,1,2,1,-56.88888889,-76,-71,-74,-73,-2,-74,-73,-74,-67,-4,-4,0.5,-22083,-20846,-279.5,-1047,-49
9/6/16,Thailand,Japan,0,2,0,2,0,-67,-78,-13,-75,-74,-72,-72,-75,-68,-77,-77,-18,-5.1,-30798,-29088,-373.89,-1891,108
9/6/16,Uruguay,Paraguay,4,0,2,2,0,4.444444444,-1,-1,-1,2,0,9,12,1,4,14,13,0,6149,5823,432.94,1595,-19
9/6/16,Venezuela,Argentina,2,2,1,2,0,-7.777777778,-3,-4,-8,-6,-15,-8,-9,-7,-3,-10,-13,-1.1,-66143,-61873,-2658.35,-11750,7
10/6/16,Austria,Wales,2,2,1,2,0,3.666666667,-6,-3,12,8,12,1,-3,2,2,2,-3,-0.4,9935,9242,169.02,628,24
10/6/16,Brazil,Bolivia,5,0,2,2,0,23.77777778,12,21,16,19,9,15,19,24,84,7,17,-0.1,57116,55603,3253.95,15208,-73
10/6/16,China,Syria,0,1,0,2,0,52.11111111,69,72,74,60,0,74,76,63,60,-10,-2,1,1639,1593,-31.76,-125,15
10/6/16,Ecuador,Chile,3,0,2,2,0,-5.333333333,-17,-13,-5,-1,-15,-9,-10,-4,8,1,-6,-1.6,-23999,-23977,-945.39,-2355,38
10/6/16,Iceland,Finland,3,2,2,2,0,-0.555555556,0,1,5,1,-3,-14,-4,-3,8,4,1,0.9,-592,-484,7.12,207,-9
10/6/16,Ireland,Georgia,1,0,2,2,0,21.22222222,0,4,2,77,20,2,0,3,81,2,5,0.4,25169,22975,221.38,2173,12
10/6/16,Italy,Spain,1,1,1,2,0,-3.888888889,-5,-7,-5,-1,-4,-1,-1,-9,-4,-3,-1,0.4,-18826,-17762,-2428.8,-7493,-42
10/6/16,Japan,Iraq,2,1,2,2,0,36.44444444,78,78,2,5,72,72,7,68,15,9,9,0.6,30301,28596,359.37,1822,4
10/6/16,Korea Republic,Qatar,3,2,2,2,0,52.55555556,8,71,74,12,11,74,8,74,67,82,14,4.1,22107,20895,309.23,1183,-84
10/6/16,Kosovo,Croatia,0,6,0,2,1,-20.33333333,-6,-18,-11,-22,-13,-13,-12,-6,-81,-7,-14,-1.1,-5689,-5406,-507.5,-2415,-39
10/6/16,Liechtenstein,Albania,0,2,0,2,0,-51.33333333,0,-72,-70,1,-6,-78,-76,-66,-79,-16,-6,-1,-2262,-2124,-68.34,-360,5
10/6/16,Moldova,Serbia,0,3,0,2,0,-46.33333333,-80,-80,-78,-3,-19,-74,-6,0,-82,-75,-8,1.1,-9458,-8951,-503.48,-2223,143
10/6/16,Paraguay,Colombia,0,1,0,2,0,-2.777777778,-8,-4,4,0,-1,-6,-5,-3,-4,-6,-7,0.7,-36813,-34074,-810.24,-2412,21
10/6/16,Peru,Argentina,2,2,1,2,0,-19.33333333,-4,-10,-6,-11,-29,-9,-7,-11,-79,-12,-15,0.1,-67761,-63332,-2741.55,-12111,-56
10/6/16,Saudi Arabia,Australia,2,2,1,2,0,0.222222222,1,-1,4,3,-2,-4,1,0,1,0,-1,1,5928,5852,18.99,1366,29
10/6/16,Turkey,Ukraine,2,2,1,2,0,1.888888889,-4,4,-3,0,5,0,3,4,0,4,2,-0.9,17328,16127,489.91,3428,24
10/6/16,Uruguay,Venezuela,3,0,2,2,0,4.555555556,0,-4,3,1,8,7,14,-1,1,12,12,1.3,7418,7109,485.8,2096,-81
10/6/16,Uzbekistan,Iran,0,1,0,2,0,-28.55555556,-3,-62,0,0,-66,-71,8,80,-69,-77,3,2.7,-894,-821,-34.13,-69,1
10/7/16,Estonia,Gibraltar,4,0,2,2,0,15.66666667,66,72,0,0,-64,0,67,66,0,0,8,-3,413,390,4.95,14,87
10/7/16,France,Bulgaria,4,1,2,2,0,20.66666667,14,11,6,87,17,14,16,11,8,16,11,-2.9,69116,63591,3233.53,13711,-40
10/7/16,Ghana,Uganda,0,0,1,2,0,60.11111111,77,80,77,75,8,69,71,11,71,79,10,-1.2,8282,7560,270.8,1331,3
10/7/16,Greece,Cyprus,2,0,2,2,0,26.22222222,75,68,5,8,12,82,26,17,5,13,13,2.4,6420,6057,316.26,814,-7
10/7/16,Hungary,Switzerland,2,3,0,2,0,-5.222222222,-13,-4,-5,-8,-7,-8,-9,-2,-5,1,-8,2,-13879,-12339,-412.83,-2126,-78
10/7/16,Latvia,Faroe Islands,0,2,0,2,0,16.66666667,5,0,7,0,-66,71,6,59,0,73,7,5.6,73,107,5.2,62,44
10/7/16,Luxembourg,Sweden,0,1,0,2,0,-47.77777778,-75,-73,-83,-79,-13,-8,-9,-75,-2,-88,-17,-2,-24915,-23212,-496.89,-2320,68
10/7/16,Netherlands,Belarus,4,1,2,2,0,49,10,83,82,17,2,10,9,77,78,83,12,-5.6,30852,28561,1274.62,5501,-83
10/8/16,Armenia,Romania,0,5,0,2,0,-28.11111111,-74,-3,10,-70,-9,-78,-19,-6,-69,-9,6,-0.6,-3240,-3117,-69.09,-405,-5
10/8/16,Azerbaijan,Norway,1,0,2,2,0,-47,-3,-9,-72,-74,-12,-82,-73,-73,-12,-16,-12,1,-22558,-20542,-316.63,-1310,53
10/8/16,Burkina Faso,South Africa,1,1,1,2,0,-17.66666667,5,-76,2,-3,3,-11,3,-9,-75,7,2,-1,-4392,-4226,-51.32,-26,40
10/8/16,England,Malta,2,0,2,2,0,68.77777778,17,78,84,81,22,82,22,82,82,86,23,-0.8,114165,102618,2270.5,18999,-73
10/8/16,Gabon,Morocco,0,0,1,2,0,-20.22222222,-4,-81,-7,1,-6,-5,-12,-11,-76,15,4,0.7,-4893,-4587,-206.35,-961,84
10/8/16,Germany,Czech Republic,3,0,2,2,0,8.111111111,3,9,8,11,5,6,14,7,4,9,6,-2.3,76213,70004,2801.47,12130,-67
10/8/16,Ivory Coast,Mali,3,1,2,2,0,5,5,0,4,10,1,-5,10,11,8,6,7,-0.1,4130,3800,270.13,1142,25
10/8/16,Montenegro,Kazakhstan,5,0,2,2,0,49.66666667,71,13,66,0,75,65,82,72,-1,75,14,-1.1,1619,1512,76.56,299,14
10/8/16,Northern Ireland,San Marino,4,0,2,2,0,66.88888889,72,66,71,77,72,16,77,79,73,71,25,3.6,5727,5319,71.28,680,21
10/8/16,Poland,Denmark,3,2,2,2,0,-1.222222222,-3,-8,-15,0,1,-1,4,-3,-1,12,4,0.8,-909,-318,-49.52,-99,-34
10/8/16,Scotland,Lithuania,1,1,1,2,0,29,21,75,10,76,14,-2,74,5,6,3,1,0,19981,18091,299.59,2731,15
10/8/16,Senegal,Cape Verde,2,0,2,2,0,15.44444444,2,13,3,6,16,10,9,73,6,3,5,-0.6,7797,7287,375.98,1880,-29
10/8/16,Slovenia,Slovakia,1,0,2,2,0,1.222222222,0,7,-3,-5,-16,17,-5,13,-3,6,1,0.8,85,165,75.72,220,-2
10/9/16,Albania,Spain,0,2,0,2,0,-13.88888889,-84,-14,-17,-16,-14,-12,-14,-19,-5,-14,-11,-0.5,-73726,-68949,-4529.19,-18647,-8
10/9/16,Algeria,Cameroon,1,1,1,2,0,-7.222222222,6,11,6,7,-4,-11,-5,7,-77,1,0,1.9,-2061,-1774,59.07,32,-17
10/9/16,Congo,Egypt,1,2,0,2,0,5,-5,-1,1,1,-15,-8,1,-1,68,-1,-9,-2.6,-798,-807,-66.18,-305,20
10/9/16,Finland,Croatia,0,1,0,2,0,-9.666666667,3,-12,-6,-15,-14,-4,-6,-4,-17,-9,-8,-0.2,-3683,-3542,-488.41,-2370,41
10/9/16,Iceland,Turkey,2,0,2,2,0,-5.444444444,-4,-6,6,-5,-9,-12,-11,-7,-3,-2,-1,0.6,-17203,-16056,-580.76,-3410,-71
10/9/16,Israel,Liechtenstein,2,1,2,2,0,33.55555556,64,76,70,-73,9,65,70,69,0,16,3,3.1,659,659,35.8,254,-82
10/9/16,Moldova,Ireland,1,3,0,2,0,-45.11111111,-75,-75,-77,-2,-16,-75,-2,-2,-81,-76,-6,1.8,-26972,-24633,-266.4,-2332,141
10/9/16,Serbia,Austria,3,2,2,2,0,0.777777778,4,6,-1,0,-3,-1,1,-2,10,-3,-3,0.9,-8654,-7775,119.8,-235,13
10/9/16,Tunisia,Guinea,2,0,2,2,0,14.55555556,-12,-15,2,74,-7,63,7,0,10,-3,-6,2.6,377,391,-54.76,-56,-14
10/9/16,Ukraine,Kosovo,3,0,2,2,1,13.66666667,17,9,7,13,0,7,10,2,75,0,6,2.1,1289,1309,117.06,234,17
10/9/16,Wales,Georgia,1,1,1,2,0,18,7,6,-8,70,14,1,6,1,70,2,13,0.6,6374,5826,169.64,1671,-58
10/9/16,Zambia,Nigeria,1,2,0,2,0,-32.33333333,-75,-13,-10,-2,-27,-80,-1,-71,-75,-12,-7,-1.4,-8707,-7965,-282.15,-1501,-2
10/10/16,Belarus,Luxembourg,1,1,1,2,0,1.666666667,67,0,0,67,12,4,3,0,-71,0,5,6.5,52,109,11.97,96,-16
10/10/16,Estonia,Greece,0,2,0,2,0,-54.44444444,-9,4,-78,-75,-78,-82,-19,-9,-72,-81,-14,2.6,-6667,-6226,-320.6,-855,4
10/10/16,Faroe Islands,Portugal,0,6,0,2,0,-63,-21,-83,-23,-83,-17,-83,-24,-79,-81,-94,-28,-2.8,-27119,-25545,-1690.01,-5497,-105
10/10/16,Gibraltar,Belgium,0,6,0,2,1,-74.55555556,-89,-86,-76,-83,-14,-89,-86,-78,-73,-86,-26,6.1,-20035,-18394,-1209.7,-5210,66
10/10/16,Latvia,Hungary,0,2,0,2,0,-35.11111111,-1,-74,-4,-74,-70,-5,-4,-13,-69,-3,-3,2,-2184,-2061,-45.82,-211,112
10/10/16,Netherlands,France,0,1,0,2,0,-3.333333333,-5,-1,-1,-3,-9,-7,-2,-3,-1,-3,0,-0.6,-39928,-36608,-1972.04,-8327,-7
10/10/16,Sweden,Bulgaria,3,0,2,2,0,14.44444444,7,0,6,79,7,1,11,6,2,18,11,-2.4,23199,21525,471.79,2107,19
10/11/16,Argentina,Paraguay,0,1,0,2,0,7.666666667,2,7,4,7,7,10,7,9,6,12,14,-0.2,64874,60587,2605.49,11249,-31
10/11/16,Australia,Japan,1,1,1,2,0,-1.333333333,-6,-1,-7,-3,2,5,-1,1,-4,-4,-6,-2.3,-15385,-14960,-208.08,-960,-23
10/11/16,Bolivia,Ecuador,2,2,1,2,0,-13.33333333,-2,-2,-2,-13,-1,-5,-3,-9,-83,-2,-8,0.2,-661,-645,-103.12,-660,50
10/11/16,Chile,Peru,2,1,2,2,0,15.88888889,13,10,0,8,33,8,6,5,75,-2,11,2.7,24550,24524,984.44,2826,-7
10/11/16,Colombia,Uruguay,2,2,1,2,0,-1.666666667,9,5,-3,-2,1,-3,-7,2,0,-8,-6,-0.7,30664,28251,377.3,817,-30
10/11/16,Czech Republic,Azerbaijan,0,0,1,2,0,48.33333333,9,5,76,79,11,86,74,73,13,18,16,1.5,4905,4673,182.83,858,34
10/11/16,Denmark,Montenegro,0,1,0,2,0,15.44444444,5,-1,21,81,4,18,-1,1,12,4,5,-0.5,22289,20195,473.6,2180,11
10/11/16,Germany,Northern Ireland,2,0,2,2,0,12.22222222,10,16,13,13,10,22,11,1,9,15,13,-1.4,75812,69754,2917.91,12341,-36
10/11/16,Iran,Korea Republic,1,0,2,2,0,-28.22222222,-6,-9,-74,-73,-8,-3,-10,-74,2,-5,-5,-0.9,-21290,-20118,-265.45,-1052,-52
10/11/16,Iraq,Thailand,4,0,2,2,1,30.55555556,0,-65,73,69,0,0,68,0,62,68,9,4.5,497,492,14.52,69,-28
10/11/16,Kazakhstan,Romania,0,0,1,2,0,-59,-74,-6,-75,-70,-71,-78,-79,-70,-3,-79,-11,-0.7,-4026,-3857,-121.37,-720,-9
10/11/16,Lithuania,Malta,2,0,2,2,0,31.77777778,-7,0,67,0,1,76,-62,67,65,72,13,-0.2,624,583,11.68,50,73
10/11/16,Norway,San Marino,4,1,2,2,0,69.66666667,73,77,72,74,78,28,73,73,77,75,28,2,22979,20938,321.52,1343,45
10/11/16,Poland,Armenia,2,1,2,2,0,33,73,1,-13,81,18,82,25,6,76,21,6,-0.9,22213,20649,448.36,2065,-90
10/11/16,Qatar,Syria,1,0,2,2,0,4.333333333,68,0,0,61,-9,0,65,0,0,-78,-10,-4.6,-24,-49,-29.73,-136,70
10/11/16,Slovakia,Scotland,3,0,2,2,0,0.666666667,-8,-1,-2,3,11,-3,7,-9,5,-5,10,1.1,-16258,-14588,-161.01,-2135,-28
10/11/16,Slovenia,England,0,0,1,2,0,-6.111111111,-11,3,-12,-7,-12,6,-8,-6,-9,-10,2,2.5,-109733,-98367,-2044.52,-18133,-39
10/11/16,Uzbekistan,China,2,0,2,2,0,-52,-2,-72,-74,-60,-72,-74,-5,17,-60,-68,4,0.3,-1740,-1686,11.68,51,62
10/11/16,Venezuela,Brazil,0,2,0,2,0,-9.444444444,-5,-10,-11,-8,-12,-8,-14,-12,-8,-2,-12,-2.4,-55388,-54046,-3106.68,-14658,31
11/10/16,Brazil,Argentina,3,0,2,2,0,1.666666667,2,6,3,2,-3,0,5,5,5,-8,-1,1.3,-10755,-7827,448.33,2908,-14
11/10/16,Colombia,Chile,0,0,1,2,0,-1.444444444,-3,-3,-2,-4,-10,-3,-1,0,2,8,-3,-3.3,15150,12295,-38.14,448,-16
11/10/16,Paraguay,Peru,1,4,0,2,0,11.66666667,2,3,2,4,22,-1,0,2,73,0,1,0.1,2887,2745,136.06,862,18
11/10/16,Uruguay,Ecuador,2,1,2,2,0,5.555555556,5,5,6,-1,4,9,16,2,-6,15,9,-1,8485,8021,529.95,1986,-19
11/10/16,Venezuela,Bolivia,5,0,2,2,0,14.33333333,7,11,5,11,-3,7,5,12,76,5,5,-2.5,1728,1557,147.27,550,-67
11/11/16,Armenia,Montenegro,3,2,2,2,0,-18.77777778,-71,-10,19,0,-13,-65,-22,-8,-65,-5,3,1.2,-833,-772,-24.28,16,54
11/11/16,Czech Republic,Norway,2,1,2,2,0,1.333333333,6,-4,4,5,-1,4,1,0,1,2,4,2.5,-17653,-15869,-133.8,-452,34
11/11/16,Denmark,Kazakhstan,4,1,2,2,0,65.11111111,76,12,87,81,79,83,81,73,11,79,19,-1.6,23908,21707,550.16,2479,0
11/11/16,England,Scotland,3,0,2,2,0,8,3,3,7,5,7,8,10,10,11,11,9,-0.6,93560,83944,1959.23,16218,5
11/11/16,France,Sweden,2,1,2,2,0,6.222222222,7,11,0,8,10,13,5,5,6,-2,0,-0.5,45917,42066,2761.74,11604,-55
11/11/16,Honduras,Panama,0,1,0,2,0,3.666666667,7,9,-68,7,-2,0,1,11,69,6,3,1.6,-164,-143,14.79,73,-39
11/11/16,Libya,Tunisia,0,1,0,2,1,-71.44444444,-68,-68,-72,-74,-70,-63,-72,-77,-75,-72,-5,-3.2,-2051,-1975,-48.84,-324,-83
11/11/16,Malta,Slovenia,0,1,0,2,0,-62.66666667,-6,-81,-72,-74,-10,-88,-14,-76,-73,-76,-25,-1.7,-4432,-4251,-225.98,-866,155
11/11/16,Northern Ireland,Azerbaijan,4,0,2,2,0,44.22222222,2,-2,71,77,6,70,77,79,8,12,9,0.6,5306,4923,66.39,647,-1
11/11/16,Romania,Poland,0,3,0,2,0,-4.888888889,1,2,3,-11,-9,-4,-6,0,-7,-12,-12,1.5,-18973,-17532,-379.27,-1660,-173
11/11/16,San Marino,Germany,0,8,0,2,0,-79.11111111,-82,-82,-84,-90,-82,-38,-88,-80,-82,-86,-38,-2.2,-81539,-75073,-2989.19,-13021,175
11/11/16,Slovakia,Lithuania,4,0,2,2,0,29.66666667,13,74,8,79,25,-5,81,-4,11,-2,11,1.1,3723,3503,138.58,596,-30
11/12/16,Albania,Israel,0,3,0,2,0,17.77777778,-64,-4,0,72,-3,13,6,-3,79,0,3,-2.1,1603,1465,32.54,106,32
11/12/16,Austria,Ireland,0,1,0,2,0,0.444444444,1,-1,2,1,6,0,3,0,-9,2,5,-0.2,-8860,-7907,117.28,126,-23
11/12/16,Cameroon,Zambia,1,1,1,2,0,33.55555556,77,9,7,0,27,80,12,72,77,18,10,2.6,5756,5371,209.58,926,-16
11/12/16,Cape Verde,Burkina Faso,0,2,0,2,0,6.222222222,0,61,-3,2,-10,-3,0,-62,71,0,0,0.5,582,565,13.55,94,45
11/12/16,Croatia,Iceland,2,0,2,2,0,10.22222222,-3,11,1,14,17,18,10,7,9,5,7,-0.7,4275,4026,481.29,2163,-76
11/12/16,Georgia,Moldova,1,1,1,2,0,23.88888889,75,71,75,-75,-4,73,2,-1,0,74,1,-2.2,1803,1658,45.02,159,-84
11/12/16,Liechtenstein,Italy,0,4,0,2,0,-61.33333333,-79,-79,-82,-14,-16,-89,-89,-76,-80,-27,-16,-1.9,-57162,-53311,-2168.73,-11514,116
11/12/16,Mali,Gabon,0,0,1,2,0,15.44444444,-9,71,7,-4,-2,8,2,-2,73,-14,-11,-1.3,2465,2256,-1.94,145,23
11/12/16,Morocco,Ivory Coast,0,0,1,2,0,-0.222222222,8,10,-4,-7,7,2,0,2,-5,-7,0,0.7,-1702,-1469,-61.84,-326,-79
11/12/16,New Zealand,New Caledonia,2,0,2,2,0,52.44444444,59,-9,71,63,66,68,7,64,67,75,7,-3.9,2430,2218,38.15,220,72
11/12/16,Nigeria,Algeria,3,1,2,2,0,6,-8,-7,-3,-5,4,11,-6,-8,75,-7,-3,-3.1,5012,4368,13.5,543,10
11/12/16,Turkey,Kosovo,2,0,2,2,0,15.55555556,13,13,4,13,5,7,13,6,75,4,8,1.2,18617,17436,606.97,3662,-44
11/12/16,Uganda,Congo,1,0,2,2,0,-54.55555556,-69,-70,-68,-74,8,-65,-74,-6,-68,-74,-4,0.1,-1271,-1181,-25.92,-194,47
11/12/16,Ukraine,Finland,1,0,2,2,0,3,8,3,2,6,1,-2,4,0,11,2,0,1.2,-717,-555,97.97,189,17
11/12/16,Wales,Serbia,1,1,1,2,0,-4.444444444,2,-3,-11,-8,-9,0,2,0,-12,1,6,-0.5,-1281,-1467,-288.82,-393,15
11/13/16,Belgium,Estonia,8,1,2,2,0,58.88888889,23,14,76,83,78,89,19,12,73,86,18,-3.1,19622,18004,1204.75,5196,-46
11/13/16,Bulgaria,Belarus,1,0,2,2,0,31.66666667,1,73,77,-67,-6,3,-5,69,71,70,1,-2.1,1664,1578,13.13,117,-38
11/13/16,Cyprus,Gibraltar,3,1,2,2,0,43.88888889,0,0,73,67,2,0,60,58,67,68,9,-8,660,559,9.29,55,42
11/13/16,Egypt,Ghana,2,0,2,2,0,-10.55555556,-3,-9,-10,-2,-1,4,2,-4,-71,-4,3,3.7,-6213,-5572,-178.7,-832,-40
11/13/16,Luxembourg,Netherlands,1,3,0,2,0,-50.66666667,-77,-83,-82,-84,-14,-14,-12,-77,-7,-83,-17,-0.9,-30904,-28670,-1286.59,-5597,81
11/13/16,Portugal,Latvia,4,1,2,2,0,46.33333333,16,83,16,83,83,12,18,20,81,21,21,-2.8,27046,25438,1684.81,5435,-2
11/13/16,Switzerland,Faroe Islands,2,0,2,2,0,57,19,78,16,82,11,84,19,74,74,75,18,1.6,16136,14507,463.85,2399,1
11/15/16,Argentina,Colombia,3,0,2,2,0,4.888888889,-6,3,8,7,6,4,2,6,2,6,7,0.5,28061,26513,1795.25,8837,-54
11/15/16,Bolivia,Paraguay,1,0,2,2,0,-14.44444444,-8,-8,-9,-10,-5,-5,-7,-10,-73,-3,-4,1.2,-2997,-2843,-200.13,-1051,50
11/15/16,Chile,Uruguay,3,1,2,2,0,-0.222222222,12,8,-1,2,11,0,-6,2,-2,-16,-3,2.6,15514,15956,415.44,369,-66
11/15/16,China,Qatar,0,0,1,2,0,47.77777778,1,72,74,-1,9,74,11,63,60,68,8,5.6,1663,1642,-2.03,11,15
11/15/16,Ecuador,Venezuela,3,0,2,2,0,-1,-5,-9,-3,2,4,-2,-2,-3,7,-3,3,2.3,-1067,-912,-44.15,110,-2
11/15/16,Honduras,Trinidad and Tobago,3,1,2,2,0,16.22222222,0,73,-71,0,1,0,72,68,1,2,0,2.3,300,294,10.99,71,1
11/15/16,Japan,Saudi Arabia,2,1,2,2,0,1.111111111,5,2,3,0,0,-1,0,-1,3,4,7,1.3,9457,9108,189.09,-406,4
11/15/16,Korea Republic,Uzbekistan,2,1,2,2,0,56.77777778,9,71,74,73,74,74,2,-6,67,82,2,-1.8,22184,20939,299.58,1121,-97
11/15/16,New Caledonia,New Zealand,0,0,1,2,0,-52.44444444,-59,9,-71,-63,-66,-68,-7,-64,-67,-75,-7,3.9,-2430,-2218,-38.15,-220,99
11/15/16,Panama,Mexico,0,0,1,2,0,-27.33333333,-14,-11,-11,-16,-5,-79,-6,-23,-78,-17,-11,0.9,-24334,-22582,-600.79,-4227,44
11/15/16,Peru,Brazil,0,2,0,2,0,-21,-6,-16,-9,-13,-26,-9,-12,-16,-84,-4,-14,-1.2,-57006,-55505,-3189.88,-15019,-62
11/15/16,Syria,Iran,0,0,1,2,1,-28.66666667,-70,-62,0,0,6,-71,-63,0,-69,1,1,1.4,-793,-728,-14.05,5,-49
11/15/16,Thailand,Australia,2,2,1,2,0,-65.66666667,-72,-12,-68,-71,-74,-77,-74,-69,-73,-73,-12,-2.8,-15413,-14128,-165.81,-931,117
3/23/17,Argentina,Chile,1,0,2,3,0,3.444444444,-9,0,6,3,-4,1,1,6,4,14,4,-2.8,43211,38808,1757.11,9285,-70
3/23/17,China,Korea Republic,1,0,2,3,0,-4.777777778,-7,1,0,-13,-2,0,3,-11,-7,-14,-6,1.5,-20444,-19253,-311.26,-1172,59
3/23/17,Colombia,Bolivia,1,0,2,3,0,17.22222222,16,12,5,10,6,11,12,13,77,9,11,-1.9,39810,36917,1010.37,3463,-73
3/23/17,Iraq,Australia,1,1,1,3,1,-35.11111111,-72,-77,5,-2,-74,-77,-6,-69,-11,-5,-3,1.7,-14916,-13636,-151.29,-862,57
3/23/17,Paraguay,Ecuador,2,1,2,3,0,1.111111111,6,6,7,-3,4,0,4,1,-10,1,-4,-1,2336,2198,97.01,391,-66
3/23/17,Qatar,Iran,0,1,0,3,0,-24.33333333,-2,-62,0,61,-3,-71,2,0,-69,-77,-9,-3.2,-817,-777,-43.78,-131,25
3/23/17,Syria,Uzbekistan,1,0,2,3,1,-0.111111111,-67,0,0,0,72,0,-71,-80,0,78,-2,-1.3,101,93,20.08,74,-49
3/23/17,Thailand,Saudi Arabia,0,3,0,3,0,-65.88888889,-73,-11,-72,-74,-72,-73,-75,-69,-74,-73,-11,-3.8,-21341,-19980,-184.8,-2297,108
3/23/17,Uruguay,Brazil,1,4,0,3,0,-4.888888889,-5,-14,-8,-7,-4,-1,0,-13,-7,10,0,-1.1,-47970,-46937,-2620.88,-12562,-19
3/23/17,Venezuela,Peru,2,2,1,3,0,11.55555556,1,6,-2,5,14,1,-2,4,76,2,2,-1.2,1618,1459,83.2,361,7
3/24/17,Austria,Moldova,2,0,2,3,0,45.55555556,76,74,79,3,22,75,5,2,72,78,11,-2,18112,16726,383.68,2458,6
3/24/17,Croatia,Ukraine,1,0,2,3,0,6.666666667,-11,9,4,9,13,6,2,4,6,7,8,-1,4400,4097,390.44,2181,-76
3/24/17,Georgia,Serbia,1,2,0,3,0,-22.44444444,-5,-9,-3,-78,-23,-1,-4,-1,-82,-1,-7,-1.1,-7655,-7293,-458.46,-2064,65
3/24/17,Ireland,Wales,0,0,1,3,0,3.222222222,-7,-2,10,7,6,1,-6,2,11,0,-8,-0.2,18795,17149,51.74,502,12
3/24/17,Italy,Albania,2,0,2,3,0,10,79,7,12,15,10,11,13,10,1,11,10,0.9,54900,51187,2100.39,11154,-122
3/24/17,Kosovo,Iceland,1,2,0,3,1,-10.11111111,-9,-7,-10,-8,4,5,-2,1,-72,-2,-7,-1.8,-1414,-1380,-26.21,-252,126
3/24/17,Mexico,Costa Rica,2,0,2,3,0,12.11111111,10,-2,8,3,76,-6,2,8,6,14,-3,-1.4,23360,21613,525.54,3757,5
3/24/17,Spain,Israel,4,1,2,3,0,31.66666667,20,10,17,88,11,25,20,16,84,14,14,-1.6,75329,70414,4561.73,18753,-81
3/24/17,Trinidad and Tobago,Panama,1,0,2,3,0,-12.55555556,7,-64,3,7,-3,0,-71,-57,68,4,3,-0.7,-464,-437,3.8,2,53
3/24/17,Turkey,Finland,2,0,2,3,0,4.888888889,4,7,-1,6,6,-2,7,4,11,6,2,0.3,16611,15572,587.88,3617,35
3/25/17,Belgium,Greece,1,1,1,3,0,4.444444444,14,18,-2,8,0,7,0,3,1,5,4,-0.5,12955,11778,884.15,4341,-46
3/25/17,Bulgaria,Netherlands,2,0,2,3,0,-17.33333333,-9,-10,-5,-84,-8,-7,-14,-8,-7,-13,-11,3.5,-29188,-26983,-1261.49,-5384,-38
3/25/17,Cyprus,Estonia,0,0,1,3,0,28.22222222,-66,-72,73,67,66,0,-7,-8,67,68,1,-5,247,169,4.34,41,-78
3/25/17,Fiji,New Zealand,0,2,0,3,0,-67.66666667,-59,-56,-71,-63,-66,-68,-79,-64,-67,-75,-10,4.4,-2498,-2286,-40,-235,80
3/25/17,Luxembourg,France,1,3,0,3,0,-54,-82,-84,-83,-87,-23,-21,-14,-80,-8,-86,-17,-1.5,-70832,-65278,-3258.63,-13924,81
3/25/17,Portugal,Hungary,3,0,2,3,0,11.22222222,15,9,12,9,13,7,14,7,12,18,18,-0.8,24862,23377,1638.99,5224,-20
3/25/17,Sweden,Belarus,4,0,2,3,0,46.11111111,8,73,83,12,1,4,6,75,73,88,12,-4.5,24863,23103,484.92,2224,18
3/25/17,Switzerland,Latvia,1,0,2,3,0,40.33333333,14,78,9,82,77,13,13,15,74,2,11,-4,16063,14400,458.65,2337,-94
3/26/17,Armenia,Kazakhstan,2,0,2,3,0,30.88888889,0,3,85,0,62,0,60,64,-66,70,17,0.1,786,740,52.28,315,-5
3/26/17,Azerbaijan,Germany,1,4,0,3,0,-56.44444444,-12,-14,-84,-90,-16,-92,-88,-80,-17,-27,-22,0.8,-81118,-74677,-2984.3,-12988,93
3/26/17,England,Lithuania,2,0,2,3,0,37,24,78,17,81,21,6,84,15,17,14,10,-0.6,113541,102035,2258.82,18949,-172
3/26/17,Malta,Slovakia,1,3,0,3,0,-61.44444444,-6,-74,-75,-79,-26,-71,-19,-63,-76,-70,-24,-0.9,-4347,-4086,-150.26,-646,141
3/26/17,Montenegro,Poland,1,2,0,3,0,-14.22222222,-2,9,-6,-81,-5,-17,-3,2,-11,-16,-9,-0.3,-21380,-19877,-424.08,-2081,14
3/26/17,Northern Ireland,Norway,2,0,2,3,0,-2.777777778,-1,-11,-1,3,-6,-12,4,6,-4,-4,-3,1.6,-17252,-15619,-250.24,-663,-1
3/26/17,Romania,Denmark,0,0,1,3,0,-6.111111111,-2,-6,-12,-11,-8,-5,-2,-3,-8,0,-8,2.3,-19882,-17850,-428.79,-1759,-173
3/26/17,San Marino,Czech Republic,0,6,0,3,0,-71,-79,-73,-76,-79,-77,-32,-74,-73,-78,-77,-32,-4.5,-5326,-5069,-187.72,-891,161
3/26/17,Scotland,Slovenia,1,0,2,3,0,-1.888888889,8,-6,5,2,5,-14,-2,-4,-2,-1,-11,-1.9,16173,14423,85.29,1915,-17
3/28/17,Bolivia,Argentina,2,0,2,3,0,-22.11111111,-10,-15,-13,-17,-12,-15,-14,-19,-79,-15,-18,1.4,-67871,-63430,-2805.62,-12300,57
3/28/17,Brazil,Paraguay,3,0,2,3,0,9.333333333,4,13,7,9,4,10,12,14,11,4,13,1.1,54119,52760,3053.82,14157,-7
3/28/17,Chile,Venezuela,3,1,2,3,0,4.333333333,12,4,2,3,19,7,8,1,-1,-4,9,3.9,22932,23065,901.24,2465,-51
3/28/17,Ecuador,Colombia,0,2,0,3,0,-3.888888889,-14,-10,-3,3,-5,-6,-9,-4,6,-7,-3,1.7,-39149,-36272,-907.25,-2803,-2
3/28/17,Honduras,Costa Rica,1,1,1,3,0,-11.55555556,3,-4,-71,-6,69,-85,-3,-4,-3,3,-11,1.1,-1138,-1112,-60.46,-397,25
3/28/17,Iran,China,1,0,2,3,0,-23.44444444,1,-10,-74,-60,-6,-3,-13,-63,9,9,1,-2.4,-846,-865,45.81,120,-24
3/28/17,Japan,Thailand,4,0,2,3,0,67,78,13,75,74,72,72,75,68,77,77,18,5.1,30798,29088,373.89,1891,4
3/28/17,Korea Republic,Syria,1,0,2,3,0,56.88888889,76,71,74,73,2,74,73,74,67,4,4,-0.5,22083,20846,279.5,1047,-63
3/28/17,New Zealand,Fiji,2,0,2,3,0,67.66666667,59,56,71,63,66,68,79,64,67,75,10,-4.4,2498,2286,40,235,109
3/28/17,Peru,Uruguay,2,1,2,3,0,-16.11111111,-1,-2,-1,-6,-22,-8,-12,-3,-77,-14,-14,-0.1,-9036,-8568,-569,-2457,-56
3/28/17,Saudi Arabia,Iraq,1,0,2,3,0,35.33333333,73,76,-1,5,72,73,7,69,12,5,2,-0.7,20844,19488,170.28,2228,-24
3/28/17,Trinidad and Tobago,Mexico,0,1,0,3,0,-39.88888889,-7,-75,-8,-9,-8,-79,-77,-80,-10,-13,-8,0.2,-24798,-23019,-596.99,-4225,-4
3/28/17,Uzbekistan,Qatar,1,0,2,3,0,-4.222222222,-1,0,0,-61,-63,0,6,80,0,0,12,5.9,-77,-44,9.65,62,-70
6/7/17,Fiji,New Caledonia,2,2,1,3,0,-15.22222222,0,-65,0,0,0,0,-72,0,0,0,-3,0.5,-68,-68,-1.85,-15,129
6/8/17,Australia,Saudi Arabia,3,2,2,3,0,-0.222222222,-1,1,-4,-3,2,4,-1,0,-1,0,1,-1,-5928,-5852,-18.99,-1366,13
6/8/17,Costa Rica,Panama,0,0,1,3,0,15.22222222,4,13,3,13,-71,85,4,15,72,3,14,0.5,974,969,75.25,470,8
6/8/17,Mexico,Honduras,3,0,2,3,0,23.66666667,7,2,79,9,7,79,5,12,9,11,8,-2.5,24498,22725,586,4154,-63
6/9/17,Belarus,Bulgaria,2,1,2,3,0,-31.66666667,-1,-73,-77,67,6,-3,5,-69,-71,-70,-1,2.1,-1664,-1578,-13.13,-117,-16
6/9/17,Estonia,Belgium,0,2,0,3,0,-58.88888889,-23,-14,-76,-83,-78,-89,-19,-12,-73,-86,-18,3.1,-19622,-18004,-1204.75,-5196,4
6/9/17,Faroe Islands,Switzerland,0,2,0,3,0,-57,-19,-78,-16,-82,-11,-84,-19,-74,-74,-75,-18,-1.6,-16136,-14507,-463.85,-2399,-105
6/9/17,Gibraltar,Cyprus,1,2,0,3,1,-43.88888889,0,0,-73,-67,-2,0,-60,-58,-67,-68,-9,8,-660,-559,-9.29,-55,66
6/9/17,Latvia,Portugal,0,3,0,3,0,-46.33333333,-16,-83,-16,-83,-83,-12,-18,-20,-81,-21,-21,2.8,-27046,-25438,-1684.81,-5435,112
6/9/17,Netherlands,Luxembourg,5,0,2,3,0,50.66666667,77,83,82,84,14,14,12,77,7,83,17,0.9,30904,28670,1286.59,5597,-7
6/9/17,Sweden,France,2,1,2,3,0,-6.222222222,-7,-11,0,-8,-10,-13,-5,-5,-6,2,0,0.5,-45917,-42066,-2761.74,-11604,-81
6/10/17,Azerbaijan,Northern Ireland,0,1,0,3,0,-44.22222222,-2,2,-71,-77,-6,-70,-77,-79,-8,-12,-9,-0.6,-5306,-4923,-66.39,-647,104
6/10/17,Germany,San Marino,7,0,2,3,0,79.11111111,82,82,84,90,82,38,88,80,82,86,38,2.2,81539,75073,2989.19,13021,-116
6/10/17,Kazakhstan,Denmark,1,3,0,3,0,-65.11111111,-76,-12,-87,-81,-79,-83,-81,-73,-11,-79,-19,1.6,-23908,-21707,-550.16,-2479,-9
6/10/17,Lithuania,Slovakia,1,2,0,3,0,-29.66666667,-13,-74,-8,-79,-25,5,-81,4,-11,2,-11,-1.1,-3723,-3503,-138.58,-596,83
6/10/17,Montenegro,Armenia,4,1,2,3,0,18.77777778,71,10,-19,0,13,65,22,8,65,5,-3,-1.2,833,772,24.28,-16,-10
6/10/17,Norway,Czech Republic,1,1,1,3,0,-1.333333333,-6,4,-4,-5,1,-4,-1,0,-1,-2,-4,-2.5,17653,15869,133.8,452,45
6/10/17,Poland,Romania,3,1,2,3,0,4.888888889,-1,-2,-3,11,9,4,6,0,7,12,12,-1.5,18973,17532,379.27,1660,-34
6/10/17,Scotland,England,2,2,1,3,0,-8,-3,-3,-7,-5,-7,-8,-10,-10,-11,-11,-9,0.6,-93560,-83944,-1959.23,-16218,-14
6/10/17,Slovenia,Malta,2,0,2,3,0,62.66666667,6,81,72,74,10,88,14,76,73,76,25,1.7,4432,4251,225.98,866,-7
6/11/17,Finland,Ukraine,1,2,0,3,0,-3,-8,-3,-2,-6,-1,2,-4,0,-11,-2,0,-1.2,717,555,-97.97,-189,41
6/11/17,Iceland,Croatia,1,0,2,3,0,-10.22222222,3,-11,-1,-14,-17,-18,-10,-7,-9,-5,-7,0.7,-4275,-4026,-481.29,-2163,-9
6/11/17,Ireland,Austria,1,1,1,3,0,-0.444444444,-1,1,-2,-1,-6,0,-3,0,9,-2,-5,0.2,8860,7907,-117.28,-126,-62
6/11/17,Israel,Albania,0,3,0,3,0,-17.77777778,64,4,0,-72,3,-13,-6,3,-79,0,-3,2.1,-1603,-1465,-32.54,-106,74
6/11/17,Italy,Liechtenstein,5,0,2,3,0,61.33333333,79,79,82,14,16,89,89,76,80,27,16,1.9,57162,53311,2168.73,11514,-122
6/11/17,Kosovo,Turkey,1,4,0,3,1,-15.55555556,-13,-13,-4,-13,-5,-7,-13,-6,-75,-4,-8,-1.2,-18617,-17436,-606.97,-3662,-34
6/11/17,Moldova,Georgia,2,2,1,3,0,-23.88888889,-75,-71,-75,75,4,-73,-2,1,0,-74,-1,2.2,-1803,-1658,-45.02,-159,21
6/11/17,New Caledonia,Fiji,2,1,2,3,0,15.22222222,0,65,0,0,0,0,72,0,0,0,3,-0.5,68,68,1.85,15,120
6/11/17,Serbia,Wales,1,1,1,3,0,4.444444444,-2,3,11,8,9,0,-2,0,12,-1,-6,0.5,1281,1467,288.82,393,-3
6/12/17,Iran,Uzbekistan,2,0,2,3,0,28.55555556,3,62,0,0,66,71,-8,-80,69,77,-3,-2.7,894,821,34.13,69,14
6/13/17,Costa Rica,Trinidad and Tobago,2,1,2,3,0,27.77777778,-3,77,0,6,-68,85,75,72,4,-1,11,1.2,1438,1406,71.45,468,-66
6/13/17,Iraq,Japan,1,1,1,3,1,-36.44444444,-78,-78,-2,-5,-72,-72,-7,-68,-15,-9,-9,-0.6,-30301,-28596,-359.37,-1822,34
6/13/17,Panama,Honduras,2,2,1,3,0,-3.666666667,-7,-9,68,-7,2,0,-1,-11,-69,-6,-3,-1.6,164,143,-14.79,-73,-43
6/13/17,Qatar,Korea Republic,3,2,2,3,0,-52.55555556,-8,-71,-74,-12,-11,-74,-8,-74,-67,-82,-14,-4.1,-22107,-20895,-309.23,-1183,25
6/13/17,Syria,China,2,2,1,3,1,-52.11111111,-69,-72,-74,-60,0,-74,-76,-63,-60,10,2,-1,-1639,-1593,31.76,125,70
8/31/17,Belgium,Gibraltar,9,0,2,3,0,74.55555556,89,86,76,83,14,89,86,78,73,86,26,-6.1,20035,18394,1209.7,5210,1
8/31/17,Brazil,Ecuador,2,0,2,3,0,10.44444444,10,19,14,6,8,10,16,15,1,5,9,0.1,56455,54958,3150.83,14548,-47
8/31/17,Bulgaria,Sweden,3,2,2,3,0,-14.44444444,-7,0,-6,-79,-7,-1,-11,-6,-2,-18,-11,2.4,-23199,-21525,-471.79,-2107,40
8/31/17,Chile,Paraguay,0,3,0,3,0,4.222222222,11,7,-2,4,11,9,6,3,2,-2,10,2.6,21663,21779,848.38,1964,-66
8/31/17,China,Uzbekistan,1,0,2,3,0,52,2,72,74,60,72,74,5,-17,60,68,-4,-0.3,1740,1686,-11.68,-51,68
8/31/17,France,Netherlands,4,0,2,3,0,3.333333333,5,1,1,3,9,7,2,3,1,3,0,0.6,39928,36608,1972.04,8327,-37
8/31/17,Greece,Estonia,0,0,1,3,0,54.44444444,9,-4,78,75,78,82,19,9,72,81,14,-2.6,6667,6226,320.6,855,-24
8/31/17,Guinea,Libya,3,2,2,3,0,56.88888889,80,83,70,0,77,0,65,77,65,75,11,0.6,1674,1584,103.6,380,17
8/31/17,Hungary,Latvia,3,1,2,3,0,35.11111111,1,74,4,74,70,5,4,13,69,3,3,-2,2184,2061,45.82,211,-10
8/31/17,Japan,Australia,2,0,2,3,0,1.333333333,6,1,7,3,-2,-5,1,-1,4,4,6,2.3,15385,14960,208.08,960,4
8/31/17,Korea Republic,Iran,0,0,1,3,0,28.22222222,6,9,74,73,8,3,10,74,-2,5,5,0.9,21290,20118,265.45,1052,-28
8/31/17,Luxembourg,Belarus,1,0,2,3,0,-1.666666667,-67,0,0,-67,-12,-4,-3,0,71,0,-5,-6.5,-52,-109,-11.97,-96,74
8/31/17,Peru,Bolivia,2,1,2,3,0,2.777777778,6,5,7,6,-17,6,7,8,0,3,3,-1.3,110,98,64.07,189,7
8/31/17,Portugal,Faroe Islands,5,1,2,3,0,63,21,83,23,83,17,83,24,79,81,94,28,2.8,27119,25545,1690.01,5497,-69
8/31/17,Syria,Qatar,3,1,2,3,1,-4.333333333,-68,0,0,-61,9,0,-65,0,0,78,10,4.6,24,49,29.73,136,-49
8/31/17,Thailand,Iraq,1,2,0,3,0,-30.55555556,0,65,-73,-69,0,0,-68,0,-62,-68,-9,-4.5,-497,-492,-14.52,-69,40
8/31/17,Uganda,Egypt,1,0,2,3,0,-49.55555556,-74,-71,-67,-73,-7,-73,-73,-7,0,-75,-13,-2.5,-2069,-1988,-92.1,-499,68
8/31/17,Uruguay,Argentina,0,0,1,3,0,-3.222222222,-3,-8,-5,-5,-7,-1,5,-8,-2,2,-1,0.2,-58725,-54764,-2172.55,-9654,-19
8/31/17,Venezuela,Colombia,0,0,1,3,0,-2.888888889,-9,-1,0,1,-9,-4,-7,-1,-1,-4,-6,-0.6,-38082,-35360,-863.1,-2913,-32
9/1/17,Cape Verde,South Africa,2,1,2,3,0,-11.44444444,5,-15,-1,-1,-7,-14,3,-71,-4,7,2,-0.5,-3810,-3661,-37.77,68,19
9/1/17,Czech Republic,Germany,1,2,0,3,0,-8.111111111,-3,-9,-8,-11,-5,-6,-14,-7,-4,-9,-6,2.3,-76213,-70004,-2801.47,-12130,34
9/1/17,Denmark,Poland,4,0,2,3,0,1.222222222,3,8,15,0,-1,1,-4,3,1,-12,-4,-0.8,909,318,49.52,99,-35
9/1/17,Ghana,Congo,1,1,1,3,0,5.555555556,8,10,9,1,16,4,-3,5,3,5,6,-1.1,7011,6379,244.88,1137,-70
9/1/17,Kazakhstan,Montenegro,0,3,0,3,0,-49.66666667,-71,-13,-66,0,-75,-65,-82,-72,1,-75,-14,1.1,-1619,-1512,-76.56,-299,-9
9/1/17,Lithuania,Scotland,0,3,0,3,0,-29,-21,-75,-10,-76,-14,2,-74,-5,-6,-3,-1,0,-19981,-18091,-299.59,-2731,-58
9/1/17,Malta,England,0,4,0,3,0,-68.77777778,-17,-78,-84,-81,-22,-82,-22,-82,-82,-86,-23,0.8,-114165,-102618,-2270.5,-18999,169
9/1/17,Mexico,Panama,1,0,2,3,0,27.33333333,14,11,11,16,5,79,6,23,78,17,11,-0.9,24334,22582,600.79,4227,-26
9/1/17,Morocco,Mali,6,0,2,3,0,4.777777778,13,10,0,3,8,-3,10,13,3,-1,7,0.6,2428,2331,208.29,816,-7
9/1/17,Nigeria,Cameroon,4,0,2,3,0,-1.222222222,-2,4,3,2,0,0,-11,-1,-2,-6,-3,-1.2,2951,2594,72.57,575,-5
9/1/17,Norway,Azerbaijan,2,0,2,3,0,47,3,9,72,74,12,82,73,73,12,16,12,-1,22558,20542,316.63,1310,23
9/1/17,Romania,Armenia,1,0,2,3,0,28.11111111,74,3,-10,70,9,78,19,6,69,9,-6,0.6,3240,3117,69.09,405,-173
9/1/17,San Marino,Northern Ireland,0,3,0,3,0,-66.88888889,-72,-66,-71,-77,-72,-16,-77,-79,-73,-71,-25,-3.6,-5727,-5319,-71.28,-680,175
9/1/17,Slovakia,Slovenia,1,0,2,3,0,-1.222222222,0,-7,3,5,16,-17,5,-13,3,-6,-1,-0.8,-85,-165,-75.72,-220,-63
9/1/17,Trinidad and Tobago,Honduras,1,2,0,3,0,-16.22222222,0,-73,71,0,-1,0,-72,-68,-1,-2,0,-2.3,-300,-294,-10.99,-71,33
9/2/17,Albania,Liechtenstein,2,0,2,3,0,51.33333333,0,72,70,-1,6,78,76,66,79,16,6,1,2262,2124,68.34,360,38
9/2/17,Croatia,Kosovo,1,0,2,3,0,20.33333333,6,18,11,22,13,13,12,6,81,7,14,1.1,5689,5406,507.5,2415,-43
9/2/17,Finland,Iceland,1,0,2,3,0,0.555555556,0,-1,-5,-1,3,14,4,3,-8,-4,-1,-0.9,592,484,-7.12,-207,-22
9/2/17,Gabon,Ivory Coast,0,3,0,3,0,-20.44444444,4,-71,-11,-6,1,-3,-12,-9,-81,8,4,1.4,-6595,-6056,-268.19,-1287,-11
9/2/17,Georgia,Ireland,1,1,1,3,0,-21.22222222,0,-4,-2,-77,-20,-2,0,-3,-81,-2,-5,-0.4,-25169,-22975,-221.38,-2173,69
9/2/17,Senegal,Burkina Faso,0,0,1,3,0,21.66666667,2,74,0,8,6,7,9,11,77,3,5,-0.1,8379,7852,389.53,1974,-7
9/2/17,Serbia,Moldova,3,0,2,3,0,46.33333333,80,80,78,3,19,74,6,0,82,75,8,-1.1,9458,8951,503.48,2223,24
9/2/17,Spain,Italy,3,0,2,3,0,3.888888889,5,7,5,1,4,1,1,9,4,3,1,-0.4,18826,17762,2428.8,7493,-25
9/2/17,Ukraine,Turkey,2,0,2,3,0,-1.888888889,4,-4,3,0,-5,0,-3,-4,0,-4,-2,0.9,-17328,-16127,-489.91,-3428,17
9/2/17,Wales,Austria,1,0,2,3,0,-3.666666667,6,3,-12,-8,-12,-1,3,-2,-2,-2,3,0.4,-9935,-9242,-169.02,-628,-58
9/2/17,Zambia,Algeria,3,1,2,3,0,-26.33333333,-83,-20,-13,-7,-23,-69,-7,-79,0,-19,-10,-4.5,-3695,-3597,-268.65,-958,-2
9/3/17,Belarus,Sweden,0,4,0,3,0,-46.11111111,-8,-73,-83,-12,-1,-4,-6,-75,-73,-88,-12,4.5,-24863,-23103,-484.92,-2224,-16
9/3/17,Estonia,Cyprus,1,0,2,3,0,-28.22222222,66,72,-73,-67,-66,0,7,8,-67,-68,-1,5,-247,-169,-4.34,-41,87
9/3/17,France,Luxembourg,0,0,1,3,0,54,82,84,83,87,23,21,14,80,8,86,17,1.5,70832,65278,3258.63,13924,-37
9/3/17,Greece,Belgium,1,2,0,3,0,-4.444444444,-14,-18,2,-8,0,-7,0,-3,-1,-5,-4,0.5,-12955,-11778,-884.15,-4341,-7
9/3/17,Hungary,Portugal,0,1,0,3,0,-11.22222222,-15,-9,-12,-9,-13,-7,-14,-7,-12,-18,-18,0.8,-24862,-23377,-1638.99,-5224,-78
9/3/17,Latvia,Switzerland,0,3,0,3,0,-40.33333333,-14,-78,-9,-82,-77,-13,-13,-15,-74,-2,-11,4,-16063,-14400,-458.65,-2337,112
9/3/17,Netherlands,Bulgaria,3,1,2,3,0,17.33333333,9,10,5,84,8,7,14,8,7,13,11,-3.5,29188,26983,1261.49,5384,-83
9/4/17,Armenia,Denmark,1,4,0,3,0,-34.22222222,-76,-9,-2,-81,-17,-83,-21,-9,-77,-9,-2,1.7,-23122,-20967,-497.88,-2164,-5
9/4/17,Azerbaijan,San Marino,5,1,2,3,0,22.66666667,70,68,0,0,66,-54,0,0,65,59,16,3,421,396,4.89,33,56
9/4/17,Cameroon,Nigeria,1,1,1,3,0,1.222222222,2,-4,-3,-2,0,0,11,1,2,6,3,1.2,-2951,-2594,-72.57,-575,37
9/4/17,England,Slovakia,2,1,2,3,0,7.333333333,11,4,9,2,-4,11,3,19,6,16,-1,-1.7,109818,98532,2120.24,18353,11
9/4/17,Germany,Norway,6,0,2,3,0,9.444444444,9,5,12,16,4,10,15,7,5,11,10,0.2,58560,54135,2667.67,11678,-100
9/4/17,Libya,Guinea,1,0,2,3,1,-56.88888889,-80,-83,-70,0,-77,0,-65,-77,-65,-75,-11,-0.6,-1674,-1584,-103.6,-380,58
9/4/17,Montenegro,Romania,1,0,2,3,0,-9.333333333,-3,7,-9,-70,4,-13,3,2,-4,-4,3,-1.8,-2407,-2345,-44.81,-421,14
9/4/17,Northern Ireland,Czech Republic,2,0,2,3,0,-4.111111111,-7,-7,-5,-2,-5,-16,3,6,-5,-6,-7,-0.9,401,250,-116.44,-211,21
9/4/17,Poland,Kazakhstan,3,0,2,3,0,63.88888889,73,4,72,81,80,82,85,70,10,91,23,-0.8,22999,21389,500.64,2380,-34
9/4/17,Scotland,Malta,2,0,2,3,0,60.77777778,14,75,77,76,15,74,12,72,71,75,14,-0.2,20605,18674,311.27,2781,-14
9/4/17,Slovenia,Lithuania,4,0,2,3,0,30.88888889,13,81,5,74,9,12,76,9,8,4,12,1.9,3808,3668,214.3,816,-10
9/5/17,Algeria,Zambia,0,1,0,3,0,26.33333333,83,20,13,7,23,69,7,79,0,19,10,4.5,3695,3597,268.65,958,61
9/5/17,Argentina,Venezuela,1,1,1,3,0,7.777777778,3,4,8,6,15,8,9,7,3,10,13,1.1,66143,61873,2658.35,11750,-31
9/5/17,Australia,Thailand,2,1,2,3,0,65.66666667,72,12,68,71,74,77,74,69,73,73,12,2.8,15413,14128,165.81,931,10
9/5/17,Austria,Georgia,1,1,1,3,0,21.66666667,1,3,4,78,26,2,3,3,72,4,10,0.2,16309,15068,338.66,2299,-33
9/5/17,Bolivia,Chile,1,0,2,3,0,-18.66666667,-19,-15,-7,-14,-16,-14,-13,-13,-75,-1,-14,-1.4,-24660,-24622,-1048.51,-3015,7
9/5/17,Burkina Faso,Senegal,2,2,1,3,0,-21.66666667,-2,-74,0,-8,-6,-7,-9,-11,-77,-3,-5,0.1,-8379,-7852,-389.53,-1974,36
9/5/17,Colombia,Brazil,1,1,1,3,0,-6.555555556,4,-9,-11,-9,-3,-4,-7,-11,-7,2,-6,-1.8,-17306,-18686,-2243.58,-11745,-67
9/5/17,Congo,Ghana,1,5,0,3,0,-5.555555556,-8,-10,-9,-1,-16,-4,3,-5,-3,-5,-6,1.1,-7011,-6379,-244.88,-1137,60
9/5/17,Costa Rica,Mexico,1,1,1,3,0,-12.11111111,-10,2,-8,-3,-76,6,-2,-8,-6,-14,3,1.4,-23360,-21613,-525.54,-3757,-37
9/5/17,Ecuador,Peru,0,2,0,3,0,10.55555556,-4,-3,-5,7,18,-1,-4,1,83,-1,5,1.1,551,547,39.05,471,15
9/5/17,Egypt,Uganda,1,0,2,3,0,49.55555556,74,71,67,73,7,73,73,7,0,75,13,2.5,2069,1988,92.1,499,23
9/5/17,Iceland,Ukraine,2,0,2,3,0,-3.555555556,-8,-2,3,-5,-4,-12,-8,-3,-3,2,1,-0.3,125,71,-90.85,18,-15
9/5/17,Iran,Syria,2,2,1,3,0,28.66666667,70,62,0,0,-6,71,63,0,69,-1,-1,-1.4,793,728,14.05,-5,6
9/5/17,Ireland,Serbia,0,1,0,3,0,-1.222222222,-5,-5,-1,-1,-3,1,-4,2,-1,1,-2,-0.7,17514,15682,-237.08,109,12
9/5/17,Italy,Israel,1,0,2,3,0,27.77777778,15,3,12,87,7,24,19,7,80,11,13,-1.2,56503,52652,2132.93,11260,-49
9/5/17,Ivory Coast,Gabon,1,2,0,3,0,20.44444444,-4,71,11,6,-1,3,12,9,81,-8,-4,-1.4,6595,6056,268.19,1287,-73
9/5/17,Kosovo,Finland,0,1,0,3,1,-10.66666667,-9,-6,-5,-7,1,-9,-6,-2,-64,2,-6,-0.9,-2006,-1864,-19.09,-45,-39
9/5/17,Liechtenstein,Spain,0,8,0,3,0,-65.22222222,-84,-86,-87,-15,-20,-90,-90,-85,-84,-30,-17,-1.5,-75988,-71073,-4597.53,-19007,116
9/5/17,Mali,Morocco,0,0,1,3,0,-4.777777778,-13,-10,0,-3,-8,3,-10,-13,-3,1,-7,-0.6,-2428,-2331,-208.29,-816,-111
9/5/17,Moldova,Wales,0,2,0,3,0,-41.88888889,-82,-77,-67,5,-10,-74,-8,0,-70,-76,-14,1.6,-8177,-7484,-214.66,-1830,120
9/5/17,Panama,Trinidad and Tobago,3,0,2,3,0,12.55555556,-7,64,-3,-7,3,0,71,57,-68,-4,-3,0.7,464,437,-3.8,-2,23
9/5/17,Paraguay,Uruguay,1,2,0,3,0,-4.444444444,1,1,1,-2,0,-9,-12,-1,-4,-14,-13,0,-6149,-5823,-432.94,-1595,-66
9/5/17,Qatar,China,1,2,0,3,0,-47.77777778,-1,-72,-74,1,-9,-74,-11,-63,-60,-68,-8,-5.6,-1663,-1642,2.03,-11,31
9/5/17,Saudi Arabia,Japan,1,0,2,3,0,-1.111111111,-5,-2,-3,0,0,1,0,1,-3,-4,-7,-1.3,-9457,-9108,-189.09,406,-7
9/5/17,South Africa,Cape Verde,1,2,0,3,0,11.44444444,-5,15,1,1,7,14,-3,71,4,-7,-2,0.5,3810,3661,37.77,-68,36
9/5/17,Turkey,Croatia,1,0,2,3,0,-4.777777778,7,-5,-7,-9,-8,-6,1,0,-6,-3,-6,0.1,12928,12030,99.47,1247,-57
9/5/17,Uzbekistan,Korea Republic,0,0,1,3,0,-56.77777778,-9,-71,-74,-73,-74,-74,-2,6,-67,-82,-2,1.8,-22184,-20939,-299.58,-1121,90
10/5/17,Argentina,Peru,0,0,1,3,0,19.33333333,4,10,6,11,29,9,7,11,79,12,15,-0.1,67761,63332,2741.55,12111,-95
10/5/17,Armenia,Poland,1,6,0,3,0,-33,-73,-1,13,-81,-18,-82,-25,-6,-76,-21,-6,0.9,-22213,-20649,-448.36,-2065,-5
10/5/17,Azerbaijan,Czech Republic,1,2,0,3,0,-48.33333333,-9,-5,-76,-79,-11,-86,-74,-73,-13,-18,-16,-1.5,-4905,-4673,-182.83,-858,46
10/5/17,Bolivia,Brazil,0,0,1,3,0,-23.77777778,-12,-21,-16,-19,-9,-15,-19,-24,-84,-7,-17,0.1,-57116,-55603,-3253.95,-15208,50
10/5/17,Chile,Ecuador,2,1,2,3,0,5.333333333,17,13,5,1,15,9,10,4,-8,-1,6,1.6,23999,23977,945.39,2355,-7
10/5/17,Colombia,Paraguay,1,2,0,3,0,2.777777778,8,4,-4,0,1,6,5,3,4,6,7,-0.7,36813,34074,810.24,2412,4
10/5/17,England,Slovenia,1,0,2,3,0,6.111111111,11,-3,12,7,12,-6,8,6,9,10,-2,-2.5,109733,98367,2044.52,18133,-172
10/5/17,Malta,Lithuania,1,1,1,3,0,-31.77777778,7,0,-67,0,-1,-76,62,-67,-65,-72,-13,0.2,-624,-583,-11.68,-50,141
10/5/17,Montenegro,Denmark,0,1,0,3,0,-15.44444444,-5,1,-21,-81,-4,-18,1,-1,-12,-4,-5,0.5,-22289,-20195,-473.6,-2180,14
10/5/17,Northern Ireland,Germany,1,3,0,3,0,-12.22222222,-10,-16,-13,-13,-10,-22,-11,-1,-9,-15,-13,1.4,-75812,-69754,-2917.91,-12341,-1
10/5/17,Romania,Kazakhstan,3,1,2,3,0,59,74,6,75,70,71,78,79,70,3,79,11,0.7,4026,3857,121.37,720,-173
10/5/17,San Marino,Norway,0,8,0,3,0,-69.66666667,-73,-77,-72,-74,-78,-28,-73,-73,-77,-75,-28,-2,-22979,-20938,-321.52,-1343,161
10/5/17,Scotland,Slovakia,1,0,2,3,0,-0.666666667,8,1,2,-3,-11,3,-7,9,-5,5,-10,-1.1,16258,14588,161.01,2135,-31
10/5/17,Syria,Australia,1,1,1,3,1,-56.22222222,-72,-77,-68,-71,-2,-77,-74,-69,-73,5,1,2,-15097,-13811,-132.69,-774,40
10/5/17,Venezuela,Uruguay,0,0,1,3,0,-4.555555556,0,4,-3,-1,-8,-7,-14,1,-1,-12,-12,-1.3,-7418,-7109,-485.8,-2096,7
10/6/17,Austria,Serbia,3,2,2,3,0,-0.777777778,-4,-6,1,0,3,1,-1,2,-10,3,3,-0.9,8654,7775,-119.8,235,6
10/6/17,Croatia,Finland,1,1,1,3,0,9.666666667,-3,12,6,15,14,4,6,4,17,9,8,0.2,3683,3542,488.41,2370,-76
10/6/17,Georgia,Wales,0,1,0,3,0,-18,-7,-6,8,-70,-14,-1,-6,-1,-70,-2,-13,-0.6,-6374,-5826,-169.64,-1671,65
10/6/17,Ireland,Moldova,2,0,2,3,0,45.11111111,75,75,77,2,16,75,2,2,81,76,6,-1.8,26972,24633,266.4,2332,-110
10/6/17,Kosovo,Ukraine,0,2,0,3,1,-13.66666667,-17,-9,-7,-13,0,-7,-10,-2,-75,0,-6,-2.1,-1289,-1309,-117.06,-234,-39
10/6/17,Liechtenstein,Israel,0,1,0,3,0,-33.55555556,-64,-76,-70,73,-9,-65,-70,-69,0,-16,-3,-3.1,-659,-659,-35.8,-254,116
10/6/17,Mali,Ivory Coast,0,0,1,3,0,-5,-5,0,-4,-10,-1,5,-10,-11,-8,-6,-7,0.1,-4130,-3800,-270.13,-1142,49
10/6/17,Mexico,Trinidad and Tobago,3,1,2,3,0,39.88888889,7,75,8,9,8,79,77,80,10,13,8,-0.2,24798,23019,596.99,4225,5
10/6/17,Spain,Albania,3,0,2,3,0,13.88888889,84,14,17,16,14,12,14,19,5,14,11,0.5,73726,68949,4529.19,18647,-28
10/6/17,Turkey,Iceland,0,3,0,3,0,5.444444444,4,6,-6,5,9,12,11,7,3,2,1,-0.6,17203,16056,580.76,3410,-40
10/7/17,Belarus,Netherlands,1,3,0,3,0,-49,-10,-83,-82,-17,-2,-10,-9,-77,-78,-83,-12,5.6,-30852,-28561,-1274.62,-5501,29
10/7/17,Bulgaria,France,0,1,0,3,0,-20.66666667,-14,-11,-6,-87,-17,-14,-16,-11,-8,-16,-11,2.9,-69116,-63591,-3233.53,-13711,0
10/7/17,Cameroon,Algeria,2,0,2,3,0,7.222222222,-6,-11,-6,-7,4,11,5,-7,77,-1,0,-1.9,2061,1774,-59.07,-32,-16
10/7/17,Cape Verde,Senegal,0,2,0,3,0,-15.44444444,-2,-13,-3,-6,-16,-10,-9,-73,-6,-3,-5,0.6,-7797,-7287,-375.98,-1880,42
10/7/17,Costa Rica,Honduras,1,1,1,3,0,11.55555556,-3,4,71,6,-69,85,3,4,3,-3,11,-1.1,1138,1112,60.46,397,-64
10/7/17,Cyprus,Greece,1,2,0,3,0,-26.22222222,-75,-68,-5,-8,-12,-82,-26,-17,-5,-13,-13,-2.4,-6420,-6057,-316.26,-814,-3
10/7/17,Faroe Islands,Latvia,0,0,1,3,0,-16.66666667,-5,0,-7,0,66,-71,-6,-59,0,-73,-7,-5.6,-73,-107,-5.2,-62,-105
10/7/17,Gibraltar,Estonia,0,6,0,3,1,-15.66666667,-66,-72,0,0,64,0,-67,-66,0,0,-8,3,-413,-390,-4.95,-14,127
10/7/17,Guinea,Tunisia,1,4,0,3,0,-14.55555556,12,15,-2,-74,7,-63,-7,0,-10,3,6,-2.6,-377,-391,54.76,56,27
10/7/17,Morocco,Gabon,3,0,2,3,0,20.22222222,4,81,7,-1,6,5,12,11,76,-15,-4,-0.7,4893,4587,206.35,961,-7
10/7/17,Nigeria,Zambia,1,0,2,3,0,32.33333333,75,13,10,2,27,80,1,71,75,12,7,1.4,8707,7965,282.15,1501,-26
10/7/17,South Africa,Burkina Faso,3,1,2,3,0,17.66666667,-5,76,-2,3,-3,11,-3,9,75,-7,-2,1,4392,4226,51.32,26,50
10/7/17,Sweden,Luxembourg,8,0,2,3,0,47.77777778,75,73,83,79,13,8,9,75,2,88,17,2,24915,23212,496.89,2320,18
10/7/17,Switzerland,Hungary,5,2,2,3,0,5.222222222,13,4,5,8,7,8,9,2,5,-1,8,-2,13879,12339,412.83,2126,-76
10/7/17,Uganda,Ghana,0,0,1,3,0,-60.11111111,-77,-80,-77,-75,-8,-69,-71,-11,-71,-79,-10,1.2,-8282,-7560,-270.8,-1331,36
10/8/17,Czech Republic,San Marino,5,0,2,3,0,71,79,73,76,79,77,32,74,73,78,77,32,4.5,5326,5069,187.72,891,34
10/8/17,Denmark,Romania,1,1,1,3,0,6.111111111,2,6,12,11,8,5,2,3,8,0,8,-2.3,19882,17850,428.79,1759,-33
10/8/17,Egypt,Congo,2,1,2,3,0,-5,5,1,-1,-1,15,8,-1,1,-68,1,9,2.6,798,807,66.18,305,44
10/8/17,Germany,Azerbaijan,5,1,2,3,0,56.44444444,12,14,84,90,16,92,88,80,17,27,22,-0.8,81118,74677,2984.3,12988,-116
10/8/17,Kazakhstan,Armenia,1,1,1,3,0,-30.88888889,0,-3,-85,0,-62,0,-60,-64,66,-70,-17,-0.1,-786,-740,-52.28,-315,-9
10/8/17,Lithuania,England,0,1,0,3,0,-37,-24,-78,-17,-81,-21,-6,-84,-15,-17,-14,-10,0.6,-113541,-102035,-2258.82,-18949,73
10/8/17,Norway,Northern Ireland,1,0,2,3,0,2.777777778,1,11,1,-3,6,12,-4,-6,4,4,3,-1.6,17252,15619,250.24,663,45
10/8/17,Poland,Montenegro,4,2,2,3,0,14.22222222,2,-9,6,81,5,17,3,-2,11,16,9,0.3,21380,19877,424.08,2081,-20
10/8/17,Slovakia,Malta,3,0,2,3,0,61.44444444,6,74,75,79,26,71,19,63,76,70,24,0.9,4347,4086,150.26,646,-28
10/8/17,Slovenia,Scotland,2,2,1,3,0,1.888888889,-8,6,-5,-2,-5,14,2,4,2,1,11,1.9,-16173,-14423,-85.29,-1915,-2
10/9/17,Albania,Italy,0,1,0,3,0,-10,-79,-7,-12,-15,-10,-11,-13,-10,-1,-11,-10,-0.9,-54900,-51187,-2100.39,-11154,-5
10/9/17,Finland,Turkey,2,2,1,3,0,-4.888888889,-4,-7,1,-6,-6,2,-7,-4,-11,-6,-2,-0.3,-16611,-15572,-587.88,-3617,41
10/9/17,Iceland,Kosovo,2,0,2,3,0,10.11111111,9,7,10,8,-4,-5,2,-1,72,2,7,1.8,1414,1380,26.21,252,-71
10/9/17,Israel,Spain,0,1,0,3,0,-31.66666667,-20,-10,-17,-88,-11,-25,-20,-16,-84,-14,-14,1.6,-75329,-70414,-4561.73,-18753,-82
10/9/17,Moldova,Austria,0,1,0,3,0,-45.55555556,-76,-74,-79,-3,-22,-75,-5,-2,-72,-78,-11,2,-18112,-16726,-383.68,-2458,141
10/9/17,Serbia,Georgia,1,0,2,3,0,22.44444444,5,9,3,78,23,1,4,1,82,1,7,1.1,7655,7293,458.46,2064,-1
10/9/17,Ukraine,Croatia,0,2,0,3,0,-6.666666667,11,-9,-4,-9,-13,-6,-2,-4,-6,-7,-8,1,-4400,-4097,-390.44,-2181,17
10/9/17,Wales,Ireland,0,1,0,3,0,-3.222222222,7,2,-10,-7,-6,-1,6,-2,-11,0,8,0.2,-18795,-17149,-51.74,-502,-18
10/10/17,Australia,Syria,2,1,2,3,0,56.22222222,72,77,68,71,2,77,74,69,73,-5,-1,-2,15097,13811,132.69,774,33
10/10/17,Belgium,Cyprus,4,0,2,3,0,30.66666667,89,86,3,16,12,89,26,20,6,18,17,1.9,19375,17835,1200.41,5155,1
10/10/17,Brazil,Chile,3,0,2,3,0,5.111111111,-7,6,9,5,-7,1,6,11,9,6,3,-1.5,32456,30981,2205.44,12193,-58
10/10/17,Ecuador,Argentina,1,3,0,3,0,-8.777777778,-8,-13,-11,-4,-11,-10,-11,-10,4,-13,-10,1.2,-67210,-62785,-2702.5,-11640,53
10/10/17,France,Belarus,2,1,2,3,0,52.33333333,15,84,83,20,11,17,11,80,79,86,12,-5,70780,65169,3246.66,13828,-37
10/10/17,Greece,Gibraltar,4,0,2,3,0,70.11111111,75,68,78,75,14,82,86,75,72,81,22,-5.6,7080,6616,325.55,869,-18
10/10/17,Honduras,Mexico,3,2,2,3,0,-23.66666667,-7,-2,-79,-9,-7,-79,-5,-12,-9,-11,-8,2.5,-24498,-22725,-586,-4154,11
10/10/17,Hungary,Faroe Islands,1,0,2,3,0,51.77777778,6,74,11,74,4,76,10,72,69,76,10,3.6,2257,2168,51.02,273,-34
10/10/17,Luxembourg,Bulgaria,1,1,1,3,0,-33.33333333,-68,-73,-77,0,-6,-7,2,-69,0,-70,-6,-4.4,-1716,-1687,-25.1,-213,68
10/10/17,Netherlands,Sweden,2,0,2,3,0,2.888888889,2,10,-1,5,1,6,3,2,5,-5,0,-1.1,5989,5458,789.7,3277,-38
10/10/17,Panama,Costa Rica,2,1,2,3,0,-15.22222222,-4,-13,-3,-13,71,-85,-4,-15,-72,-3,-14,-0.5,-974,-969,-75.25,-470,23
10/10/17,Paraguay,Venezuela,0,1,0,3,0,0.111111111,1,-3,4,-1,8,-2,2,-2,-3,-2,-1,1.3,1269,1286,52.86,501,21
10/10/17,Peru,Colombia,1,1,1,3,0,-14.44444444,-10,-7,2,-4,-23,-5,-5,-5,-77,-6,-8,0.6,-39700,-36819,-946.3,-3274,7
10/10/17,Portugal,Switzerland,2,0,2,3,0,6,2,5,7,1,6,-1,5,5,7,19,10,1.2,10983,11038,1226.16,3098,-10
10/10/17,Uruguay,Bolivia,4,2,2,3,0,18.88888889,7,7,8,12,5,14,19,11,77,17,17,-1.2,9146,8666,633.07,2646,-6
11/9/17,Croatia,Greece,4,1,2,3,0,5.777777778,-5,16,5,14,9,3,-4,0,9,0,3,0.6,793,785,242.05,1835,-9
11/9/17,Northern Ireland,Switzerland,0,1,0,3,0,-5,-10,-12,-5,-5,-5,-14,-4,5,-1,-4,-5,1.5,-10758,-9499,-395.14,-1730,-37
11/10/17,Algeria,Nigeria,3,0,2,3,0,-6,8,7,3,5,-4,-11,6,8,-75,7,3,3.1,-5012,-4368,-13.5,-543,4
11/10/17,Honduras,Australia,0,0,1,3,0,-18.11111111,2,-4,-68,0,-5,-77,-2,-1,-4,-2,-3,3.1,-14605,-13338,-138.97,-808,-12
11/10/17,South Africa,Senegal,0,2,0,3,0,-4,-7,2,-2,-5,-9,4,-12,-2,-2,-10,-7,1.1,-3987,-3626,-338.21,-1948,50
11/10/17,Sweden,Italy,1,0,2,3,0,-4.888888889,-4,-6,1,-8,-5,-14,-9,-1,-7,5,-1,-0.5,-31876,-29766,-1669.16,-9161,12
11/11/17,Denmark,Ireland,0,0,1,3,0,3,1,5,10,4,-1,8,5,-3,-4,3,6,-0.3,-3300,-3146,267.67,39,-73
11/11/17,Gabon,Mali,0,0,1,3,0,-15.44444444,9,-71,-7,4,2,-8,-2,2,-73,14,11,1.3,-2465,-2256,1.94,-145,17
11/11/17,Ivory Coast,Morocco,0,2,0,3,0,0.222222222,-8,-10,4,7,-7,-2,0,-2,5,7,0,-0.7,1702,1469,61.84,326,-52
11/11/17,New Zealand,Peru,0,0,1,3,0,4.111111111,-17,-14,-6,-9,12,-6,3,-7,67,-3,1,-1.4,405,293,-24.25,44,99
11/11/17,Tunisia,Libya,0,0,1,3,0,71.44444444,68,68,72,74,70,63,72,77,75,72,5,3.2,2051,1975,48.84,324,-55
11/11/17,Zambia,Cameroon,2,2,1,3,0,-33.55555556,-77,-9,-7,0,-27,-80,-12,-72,-77,-18,-10,-2.6,-5756,-5371,-209.58,-926,-7
11/12/17,Congo,Uganda,1,1,1,3,0,54.55555556,69,70,68,74,-8,65,74,6,68,74,4,-0.1,1271,1181,25.92,194,36
11/12/17,Ghana,Egypt,1,1,1,3,0,10.55555556,3,9,10,2,1,-4,-2,4,71,4,-3,-3.7,6213,5572,178.7,832,3
11/12/17,Greece,Croatia,0,0,1,3,0,-5.777777778,5,-16,-5,-14,-9,-3,4,0,-9,0,-3,-0.6,-793,-785,-242.05,-1835,38
11/12/17,Switzerland,Northern Ireland,0,0,1,3,0,5,10,12,5,5,5,14,4,-5,1,4,5,-1.5,10758,9499,395.14,1730,-13
11/13/17,Italy,Sweden,0,0,1,3,0,4.888888889,4,6,-1,8,5,14,9,1,7,-5,1,0.5,31876,29766,1669.16,9161,-33
11/14/17,Burkina Faso,Cape Verde,4,0,2,3,0,-6.222222222,0,-61,3,-2,10,3,0,62,-71,0,0,-0.5,-582,-565,-13.55,-94,21
11/14/17,Ireland,Denmark,1,5,0,3,0,-3,-1,-5,-10,-4,1,-8,-5,3,4,-3,-6,0.3,3300,3146,-267.67,-39,4
11/14/17,Senegal,South Africa,2,1,2,3,0,4,7,-2,2,5,9,-4,12,2,2,10,7,-1.1,3987,3626,338.21,1948,-9
11/15/17,Australia,Honduras,3,1,2,3,0,18.11111111,-2,4,68,0,5,77,2,1,4,2,3,-3.1,14605,13338,138.97,808,25
11/15/17,Peru,New Zealand,2,0,2,3,0,-4.111111111,17,14,6,9,-12,6,-3,7,-67,3,-1,1.4,-405,-293,24.25,-44,-59
6/14/18,Russia,Saudi Arabia,5,0,2,5,0,4.666666667,8,-1,5,5,6,6,4,5,5,7,5,-0.1,388,242,428.29,2791,25
6/15/18,Egypt,Uruguay,0,1,0,5,1,-15.22222222,-3,-1,-11,-5,1,-9,-15,-3,-77,-17,-9,1.2,-8860,-8391,-539.68,-2138,4
6/15/18,Morocco,Iran,0,1,0,5,1,31.88888889,6,19,77,76,14,0,21,77,7,-4,7,-0.1,4536,4270,253.21,1117,37
6/15/18,Portugal,Spain,3,3,1,5,1,-3,0,-3,-4,-5,-3,-7,-4,-6,-3,8,4,0.1,-48673,-45358,-2910.63,-13506,-3
6/16/18,France,Australia,2,1,2,5,1,11.44444444,10,7,15,16,13,11,11,11,6,13,11,0.3,55868,51560,3100.44,13031,2
6/16/18,Argentina,Iceland,1,1,1,5,1,10.11111111,7,7,1,8,13,16,11,14,7,14,11,0.2,66197,61891,2719.86,11754,-6
6/16/18,Peru,Denmark,0,1,0,5,1,-16.44444444,0,-10,-10,-9,-25,-9,-5,-2,-77,-1,-9,1.6,-21950,-19843,-486.96,-2297,-9
6/16/18,Croatia,Nigeria,2,0,2,5,1,7.666666667,-5,10,4,14,10,5,10,4,6,6,9,1.6,-1214,-883,276.42,1147,-3
6/17/18,Costa Rica,Serbia,0,1,0,5,1,-11.88888889,-9,-3,-7,-1,-83,11,-5,-2,-10,-7,2,0.9,-7815,-7349,-433.61,-1821,22
6/17/18,Germany,Mexico,0,1,0,5,1,6.666666667,1,7,5,10,6,13,11,0,4,4,10,-0.7,56158,51494,2375.61,8742,-1
6/17/18,Brazil,Switzerland,1,1,1,5,1,6.666666667,0,8,10,3,3,-1,7,13,10,7,8,3.1,42621,42695,2788.74,12803,-22
6/18/18,Sweden,Korea Republic,1,0,2,5,1,4.555555556,-1,2,9,6,3,1,7,1,6,6,6,-0.7,2965,2459,191.89,1154,21
6/18/18,Belgium,Panama,3,0,2,5,1,30.55555556,22,22,8,19,7,89,15,21,73,21,19,-1.9,19054,17471,1197.57,5168,-18
6/18/18,Tunisia,England,1,2,0,5,1,-11,-12,-10,-12,-7,-13,-19,-12,-5,-7,-14,-9,3.3,-112177,-100694,-2218.4,-18679,5
6/19/18,Colombia,Japan,1,2,0,5,1,3.777777778,8,-1,0,2,5,7,6,8,0,7,3,-1.2,10927,9675,636.95,1575,8
6/19/18,Poland,Senegal,1,2,0,5,1,1.111111111,-4,-2,-2,2,-3,9,1,-3,-1,9,7,0.2,13804,12776,63.55,205,-62
6/19/18,Russia,Egypt,3,1,2,5,0,13.33333333,7,4,10,6,1,6,6,3,79,5,-2,-2.1,19528,18101,519.23,4577,66
6/20/18,Portugal,Morocco,1,0,2,5,1,6.666666667,8,2,6,7,3,12,2,2,5,21,10,0.5,21748,20477,1391.46,4237,-10
6/20/18,Uruguay,Saudi Arabia,1,0,2,5,1,6.555555556,4,-4,6,4,4,9,13,5,3,19,16,0.8,-10280,-9468,448.74,352,-23
6/20/18,Iran,Spain,0,1,0,5,1,-41.55555556,-14,-24,-87,-88,-20,-19,-27,-85,-15,-9,-13,-0.3,-74957,-70105,-4555.3,-18860,25
6/21/18,Denmark,Australia,1,1,1,5,1,7.111111111,4,3,19,10,5,6,7,4,4,6,10,0.1,8562,7659,385.69,1558,5
6/21/18,France,Peru,1,0,2,5,1,20.77777778,6,14,6,15,33,14,9,9,79,8,10,-1.4,69256,63744,3201.71,13770,2
6/21/18,Argentina,Croatia,0,3,0,5,1,-0.111111111,10,-4,0,-6,-4,-2,1,7,-2,9,4,0.9,61922,57865,2238.57,9591,3
6/22/18,Brazil,Costa Rica,2,0,2,5,1,18.22222222,11,9,15,8,80,-2,13,15,12,14,7,0.9,57085,55547,3167.12,14691,-46
6/22/18,Nigeria,Iceland,2,0,2,5,1,2.555555556,2,1,-3,0,7,13,0,3,3,-1,-2,-2.3,5489,4909,204.87,1016,14
6/22/18,Serbia,Switzerland,1,2,0,5,1,0.333333333,-2,2,2,-4,6,-10,-1,0,8,0,-1,1.3,-6649,-5503,55.23,-67,31
6/23/18,Belgium,Tunisia,5,2,2,5,1,10.22222222,21,18,4,9,8,26,14,1,-2,14,13,-3.3,17967,16412,1157.16,4891,-54
6/23/18,Korea Republic,Mexico,1,2,0,5,1,-4.888888889,-5,-4,-5,-7,-2,-5,-4,-6,-11,0,0,0.9,-2907,-2352,-300.22,-3073,56
6/23/18,Germany,Sweden,2,1,2,5,1,7,7,9,1,11,5,17,8,5,9,-2,4,-0.9,56100,51387,2483.94,10661,-11
6/24/18,England,Panama,6,1,2,5,1,31.33333333,13,14,16,17,12,82,13,25,82,21,15,-1.9,113264,101753,2258.81,18956,-49
6/24/18,Japan,Senegal,2,2,1,5,1,-3.444444444,1,4,1,-5,-11,-1,-9,-5,0,-5,-1,1.6,21536,20395,-64.54,-294,53
6/24/18,Poland,Colombia,0,3,0,5,1,0.777777778,-13,-5,-3,5,3,3,4,-6,-1,7,5,-0.2,-18659,-17294,-508.86,-1076,-62
6/25/18,Russia,Uruguay,0,3,0,5,0,-1.888888889,4,3,-1,1,2,-3,-9,0,2,-12,-11,-0.9,10668,9710,-20.45,2439,3
6/25/18,Saudi Arabia,Egypt,2,1,2,5,1,8.666666667,-1,5,5,1,-5,0,2,-2,74,-2,-7,-2,19140,17859,90.94,1786,57
6/25/18,Spain,Morocco,2,2,1,5,1,9.666666667,8,5,10,12,6,19,6,8,8,13,6,0.4,70421,65835,4302.09,17743,-27
6/25/18,Iran,Portugal,1,1,1,5,1,-38.55555556,-14,-21,-83,-83,-17,-12,-23,-79,-12,-17,-17,-0.4,-26284,-24747,-1644.67,-5354,1
6/26/18,Australia,Peru,0,2,0,5,1,9.333333333,-4,7,-9,-1,20,3,-2,-2,73,-5,-1,-1.7,13388,12184,101.27,739,24
6/26/18,Denmark,France,0,0,1,5,1,-4.333333333,-6,-4,4,-6,-8,-5,-4,-7,-2,-7,-1,-0.2,-47306,-43901,-2714.75,-11473,-36
6/26/18,Nigeria,Argentina,1,2,0,5,1,-7.555555556,-5,-6,-4,-8,-6,-3,-11,-11,-4,-15,-13,-2.5,-60708,-56982,-2514.99,-10738,26
6/26/18,Iceland,Croatia,1,2,0,5,1,-10.22222222,3,-11,-1,-14,-17,-18,-10,-7,-9,-5,-7,0.7,-4275,-4026,-481.29,-2163,-35
6/27/18,Korea Republic,Germany,2,0,2,5,1,-11.55555556,-6,-11,-10,-17,-8,-18,-15,-6,-15,-4,-10,1.6,-59065,-53846,-2675.83,-11815,42
6/27/18,Mexico,Sweden,0,3,0,5,1,0.333333333,6,2,-4,1,-1,4,-3,5,5,-6,-6,-0.2,-58,-107,108.33,1919,-19
6/27/18,Serbia,Brazil,0,2,0,5,1,-6.333333333,-2,-6,-8,-7,3,-9,-8,-13,-2,-7,-9,-1.8,-49270,-48198,-2733.51,-12870,28
6/27/18,Switzerland,Costa Rica,2,2,1,5,1,11.55555556,11,1,5,5,77,-1,6,2,2,7,-1,-2.2,14464,12852,378.38,1888,-55
6/28/18,Japan,Poland,0,1,0,5,1,-4.555555556,5,6,3,-7,-8,-10,-10,-2,1,-14,-8,1.4,7732,7619,-128.09,-499,34
6/28/18,Senegal,Colombia,0,1,0,5,1,-0.333333333,-9,-3,-1,3,6,-6,3,-3,0,-2,-2,-0.4,-32463,-30070,-572.41,-1281,-28
6/28/18,Panama,Tunisia,1,2,0,5,1,-20.33333333,-1,-4,-4,-10,1,-63,-1,-20,-75,-7,-6,-1.4,-1087,-1059,-40.41,-277,43
6/28/18,England,Belgium,0,1,0,5,1,0.777777778,-9,-8,8,-2,5,-7,-2,4,9,0,-4,0,94210,84282,1061.24,13788,-9
6/30/18,France,Argentina,4,3,2,5,1,1.444444444,2,4,0,4,4,5,2,-2,0,-4,-5,-1.3,1495,412,460.16,1659,2
6/30/18,Uruguay,Portugal,2,1,2,5,1,-4.222222222,-7,-11,-5,-5,-7,-1,2,-5,-4,-2,-2,0.8,-16332,-15280,-1058.3,-2857,10
7/1/18,Russia,Spain,5,4,2,5,0,-9.111111111,-3,-11,-10,-9,-8,-11,-11,-11,-5,-6,-9,0,-54337,-50928,-3989.38,-13924,60
7/1/18,Croatia,Denmark,4,3,2,5,1,3,-6,4,-4,8,8,2,1,2,4,2,2,0.6,-16111,-14376,16.02,223,8
7/2/18,Brazil,Mexico,2,0,2,5,1,6.111111111,1,11,7,5,4,4,11,7,6,0,10,2.3,33725,33934,2641.58,10934,-13
7/2/18,Belgium,Japan,3,2,2,5,1,7.444444444,11,8,1,9,6,17,11,10,-4,9,7,-2.7,-10772,-10684,835.73,3327,-58
7/3/18,Sweden,Switzerland,,,,5,1,0.222222222,-7,-5,7,-3,0,-9,-1,1,-1,13,4,1,8954,8868,38.83,-50,18
7/3/18,Colombia,England,,,,5,1,-4.444444444,6,-1,-9,-5,-6,-3,-3,-6,-5,-2,0,1.5,-72511,-63923,-1260.02,-15540,4
7/6/18,Uruguay,France,,,,5,1,-4.666666667,-5,-12,-5,-9,-11,-6,3,-6,-2,6,4,1.5,-60220,-55176,-2632.71,-11313,7
7/6/18,Brazil,Belgium,,,,5,1,2.888888889,-7,0,10,2,2,-6,2,9,11,-4,2,3.3,39005,39045,2044.8,9993,-1
7/7/18,Russia,Croatia,,,,5,0,-5.222222222,11,-9,-6,-10,-9,-6,-3,-1,-2,-1,-8,0.2,13865,12811,45.57,2376,50
8/1/18,Sweden,Colombia,,,,5,1,0.111111111,-11,-4,8,3,0,-4,-1,-1,-4,4,2,-0.3,-16361,-15141,-506.33,-1108,8
8/1/18,Sweden,England,,,,5,1,-4.333333333,-5,-5,-1,-2,-6,-7,-4,-7,-9,2,2,1.2,-88872,-79064,-1766.35,-16648,12
8/1/18,Switzerland,Colombia,,,,5,1,-0.111111111,-4,1,1,6,0,5,0,-2,-3,-9,-2,-1.3,-25315,-24009,-545.16,-1058,-10
8/1/18,Switzerland,England,,,,5,1,-4.555555556,2,0,-8,1,-6,2,-3,-8,-8,-11,-2,0.2,-97826,-87932,-1805.18,-16598,-6
8/2/18,Uruguay,Brazil,,,,5,1,-4.888888889,-5,-14,-8,-7,-4,-1,0,-13,-7,10,0,-1.1,-47970,-46937,-2620.88,-12562,12
8/3/18,Uruguay,Belgium,,,,5,1,-2,-12,-14,2,-5,-2,-7,2,-4,4,6,2,2.2,-8965,-7892,-576.08,-2569,11
8/4/18,France,Brazil,,,,5,1,-0.222222222,0,-2,-3,2,7,5,-3,-7,-5,4,-4,-2.6,12250,8239,11.83,-1249,5
8/5/18,France,Belgium,,,,5,1,2.666666667,-7,-2,7,4,9,-1,-1,2,6,0,-2,0.7,51255,47284,2056.63,8744,4
8/6/18,Russia,Colombia,,,,5,0,-0.222222222,-5,-2,2,3,1,0,-2,-2,2,-4,-5,-0.2,-19996,-18541,-397.75,1622,54
8/7/18,Russia,England,,,,5,0,-4.666666667,1,-3,-7,-2,-5,-3,-5,-8,-3,-6,-5,1.3,-92507,-82464,-1657.77,-13918,58
8/8/18,Russia,Switzerland,,,,5,0,-0.111111111,-1,-3,1,-3,1,-5,-2,0,5,5,-3,1.1,5319,5468,147.41,2680,64
8/9/18,Russia,Sweden,,,,5,0,-0.333333333,6,2,-6,0,1,4,-1,-1,6,-8,-7,0.1,-3635,-3400,108.58,2730,46
8/10/18,Croatia,Colombia,,,,5,1,5,-16,7,8,13,10,6,1,-1,4,-3,3,-0.4,-33861,-31352,-443.32,-754,4
8/11/18,Croatia,England,,,,5,1,0.555555556,-10,6,-1,8,4,3,-2,-7,-1,-5,3,1.1,-106372,-95275,-1703.34,-16294,8
8/12/18,Croatia,Switzerland,,,,5,1,5.111111111,-12,6,7,7,10,1,1,1,7,6,5,0.9,-8546,-7343,101.84,304,14
8/13/18,Croatia,Sweden,,,,5,1,4.888888889,-5,11,0,10,10,10,2,0,8,-7,1,-0.1,-17500,-16211,63.01,354,-4
8/14/18,Russia,Brazil,,,,5,0,-6.777777778,-1,-11,-9,-6,-2,-4,-9,-13,-5,-2,-11,-2,-37302,-37227,-2641.33,-10123,68
8/15/18,Russia,Belgium,,,,5,0,-3.888888889,-8,-11,1,-4,0,-10,-7,-4,6,-6,-9,1.3,1703,1818,-596.53,-130,67
8/16/18,Russia,France,,,,5,0,-6.555555556,-1,-9,-6,-8,-9,-9,-6,-6,0,-6,-7,0.6,-49552,-45466,-2653.16,-8874,63
8/17/18,Russia,Uruguay,,,,5,0,-1.888888889,4,3,-1,1,2,-3,-9,0,2,-12,-11,-0.9,10668,9710,-20.45,2439,56
8/18/18,Croatia,Brazil,,,,5,1,-1.555555556,-12,-2,-3,4,7,2,-6,-12,-3,-1,-3,-2.2,-51167,-50038,-2686.9,-12499,18
8/19/18,Croatia,Belgium,,,,5,1,1.333333333,-19,-2,7,6,9,-4,-4,-3,8,-5,-1,1.1,-12162,-10993,-642.1,-2506,17
8/20/18,Croatia,France,,,,5,1,-1.333333333,-12,0,0,2,0,-3,-3,-5,2,-5,1,0.4,-63417,-58277,-2698.73,-11250,13
8/21/18,Croatia,Uruguay,,,,5,1,3.333333333,-7,12,5,11,11,3,-6,1,4,-11,-3,-1.1,-3197,-3101,-66.02,63,6
8/22/18,Switzerland,Brazil,,,,5,1,-6.666666667,0,-8,-10,-3,-3,1,-7,-13,-10,-7,-8,-3.1,-42621,-42695,-2788.74,-12803,4
8/23/18,Switzerland,Belgium,,,,5,1,-3.777777778,-7,-8,0,-1,-1,-5,-5,-4,1,-11,-6,0.2,-3616,-3650,-743.94,-2810,3
8/24/18,Switzerland,France,,,,5,1,-6.444444444,0,-6,-7,-5,-10,-4,-4,-6,-5,-11,-4,-0.5,-54871,-50934,-2800.57,-11554,-1
8/25/18,Switzerland,Uruguay,,,,5,1,-1.777777778,5,6,-2,4,1,2,-7,0,-3,-17,-8,-2,5349,4242,-167.86,-241,-8
8/26/18,Sweden,Brazil,,,,5,1,-6.444444444,-7,-13,-3,-6,-3,-8,-8,-12,-11,6,-4,-2.1,-33667,-33827,-2749.91,-12853,22
8/27/18,Sweden,Belgium,,,,5,1,-3.555555556,-14,-13,7,-4,-1,-14,-6,-3,0,2,-2,1.2,5338,5218,-705.11,-2860,21
8/28/18,Sweden,France,,,,5,1,-6.222222222,-7,-11,0,-8,-10,-13,-5,-5,-6,2,0,0.5,-45917,-42066,-2761.74,-11604,17
8/29/18,Sweden,Uruguay,,,,5,1,-1.555555556,-2,1,5,1,1,-7,-8,1,-4,-4,-4,-1,14303,13110,-129.03,-291,10
8/22/18,Colombia,Brazil,,,,5,1,-6.555555556,4,-9,-11,-9,-3,-4,-7,-11,-7,2,-6,-1.8,-17306,-18686,-2243.58,-11745,14
8/23/18,Colombia,Belgium,,,,5,1,-3.666666667,-3,-9,-1,-7,-1,-10,-5,-2,4,-2,-4,1.5,21699,20359,-198.78,-1752,13
8/24/18,Colombia,France,,,,5,1,-6.333333333,4,-7,-8,-11,-10,-9,-4,-4,-2,-2,-2,0.8,-29556,-26925,-2255.41,-10496,9
8/25/18,Colombia,Uruguay,,,,5,1,-1.666666667,9,5,-3,-2,1,-3,-7,2,0,-8,-6,-0.7,30664,28251,377.3,817,2
8/26/18,England,Brazil,,,,5,1,-2.111111111,-2,-8,-2,-4,3,-1,-4,-5,-2,4,-6,-3.3,55205,45237,-983.56,3795,10
8/27/18,England,Belgium,,,,5,1,0.777777778,-9,-8,8,-2,5,-7,-2,4,9,0,-4,0,94210,84282,1061.24,13788,9
8/28/18,England,France,,,,5,1,-1.888888889,-2,-6,1,-6,-4,-6,-1,2,3,0,-2,-0.7,42955,36998,-995.39,5044,5
8/29/18,England,Uruguay,,,,5,1,2.777777778,3,6,6,3,7,0,-4,8,5,-6,-6,-2.2,103175,92174,1637.32,16357,-2